,ID,Time Spent,Total Questions,Total Helps,Average Time Spent,Percentile Total Time Rank,Percentile Average Time Rank
0,2333000033,1179.07,14,0,84.219286,0.413961038961039,0.5568181818181818
1,2333000882,1169.34,20,0,58.467,0.30844155844155846,0.1241883116883117
2,2333000955,1184.353,17,0,69.667824,0.48214285714285715,0.32954545454545453
3,2333001552,1199.036,14,0,85.645429,0.8977272727272727,0.627435064935065
4,2333001935,1166.553,16,0,72.909562,0.2905844155844156,0.36363636363636365
5,2333001986,1197.507,11,0,108.864273,0.8068181818181818,0.8766233766233766
6,2333002087,1197.977,18,0,66.554278,0.8271103896103896,0.3092532467532468
7,2333002141,1109.57,9,0,123.285556,0.11363636363636363,0.9358766233766234
8,2333002494,1158.66,9,0,128.74,0.23863636363636365,0.9423701298701299
9,2333002672,1198.916,13,0,92.224308,0.8871753246753247,0.7305194805194806
10,2333002923,1174.633,15,0,78.308867,0.36241883116883117,0.44237012987012986
11,2333003024,1194.27,13,0,91.866923,0.6923701298701299,0.6907467532467533
12,2333003181,1179.976,15,0,78.665067,0.424512987012987,0.44886363636363635
13,2333003245,1199.89,20,0,59.9945,0.9837662337662337,0.22646103896103897
14,2333003695,1198.164,10,1,119.8164,0.8344155844155844,0.9188311688311688
15,2333003776,1188.45,7,0,169.778571,0.5633116883116883,0.9935064935064936
16,2333003971,1194.63,19,0,62.875263,0.7053571428571429,0.26866883116883117
17,2333004276,1178.147,12,0,98.178917,0.4017857142857143,0.786525974025974
18,2333004381,1174.473,20,0,58.72365,0.3612012987012987,0.13392857142857142
19,2333004578,1199.757,8,0,149.969625,0.9715909090909091,0.9910714285714286
20,2333004721,1167.797,20,0,58.38985,0.2987012987012987,0.12175324675324675
21,2333005566,1199.997,13,0,92.307462,1.0,0.7491883116883117
22,2333005825,1139.33,18,0,63.296111,0.16477272727272727,0.2840909090909091
23,2333006503,1196.697,13,1,92.053615,0.770698051948052,0.7069805194805194
24,2333008034,1129.166,12,0,94.097167,0.14285714285714285,0.752435064935065
25,2333008239,1069.856,20,0,53.4928,0.07548701298701299,0.06655844155844155
26,2333008468,1192.736,15,0,79.515733,0.6525974025974026,0.4772727272727273
27,2333008484,985.413,20,0,49.27065,0.04788961038961039,0.045454545454545456
28,2333008492,1179.287,14,0,84.234786,0.4163961038961039,0.5576298701298701
29,2333008565,1187.4,13,0,91.338462,0.5405844155844156,0.676948051948052
30,2333008646,1199.98,12,0,99.998333,0.9959415584415584,0.8198051948051948
31,2333008719,1157.773,14,0,82.698071,0.2305194805194805,0.5284090909090909
32,2333008816,1182.77,14,0,84.483571,0.4594155844155844,0.5633116883116883
33,2333008905,1149.757,12,0,95.813083,0.19318181818181818,0.7573051948051948
34,2333009154,1192.12,16,0,74.5075,0.6396103896103896,0.4017857142857143
35,2333009821,1184.317,14,0,84.594071,0.4797077922077922,0.5673701298701299
36,2333010772,1129.66,20,0,56.483,0.1452922077922078,0.09821428571428571
37,2333011710,1195.61,20,0,59.7805,0.7426948051948052,0.1891233766233766
38,2333012457,1117.15,9,1,124.127778,0.12094155844155845,0.9366883116883117
39,2333013585,1181.664,11,0,107.424,0.44561688311688313,0.8433441558441559
40,2333013909,1180.9,13,0,90.838462,0.4375,0.6655844155844156
41,2333014344,1187.607,19,0,62.505632,0.5462662337662337,0.26136363636363635
42,2333014689,1187.216,14,1,84.801143,0.5349025974025974,0.5746753246753247
43,2333014948,1197.083,12,0,99.756917,0.786525974025974,0.8125
44,2333015006,1167.41,15,1,77.827333,0.2962662337662338,0.43262987012987014
45,2333015707,1174.75,10,0,117.475,0.36444805194805197,0.8977272727272727
46,2333015880,1198.794,16,0,74.924625,0.875,0.41314935064935066
47,2333016134,1153.13,19,0,60.691053,0.21185064935064934,0.2362012987012987
48,2333016541,1198.91,13,0,92.223846,0.8859577922077922,0.7297077922077922
49,2333016797,1188.917,11,0,108.083364,0.5722402597402597,0.8538961038961039
50,2333017157,1163.19,14,0,83.085,0.2662337662337662,0.536525974025974
51,2333017327,1199.333,20,0,59.96665,0.9293831168831169,0.21428571428571427
52,2333017424,1194.09,13,0,91.853077,0.6858766233766234,0.689935064935065
53,2333017483,1196.613,14,0,85.472357,0.7646103896103896,0.6079545454545454
54,2333017831,1098.593,20,0,54.92965,0.10146103896103896,0.07873376623376624
55,2333018331,1186.644,20,0,59.3322,0.5211038961038961,0.15665584415584416
56,2333018676,1162.35,13,0,89.411538,0.26136363636363635,0.6517857142857143
57,2333019036,1170.914,14,0,83.636714,0.32386363636363635,0.5478896103896104
58,2333019711,1189.826,19,0,62.622421,0.5868506493506493,0.2662337662337662
59,2333019788,1059.533,20,0,52.97665,0.0698051948051948,0.0625
60,2333020280,1173.99,19,0,61.788947,0.35714285714285715,0.24675324675324675
61,2333020476,1196.154,19,0,62.955474,0.7540584415584416,0.2702922077922078
62,2333020905,1185.897,20,0,59.29485,0.5048701298701299,0.1534090909090909
63,2333021014,1198.2,11,0,108.927273,0.8376623376623377,0.8782467532467533
64,2333021235,1153.153,12,0,96.096083,0.21266233766233766,0.7613636363636364
65,2333021260,1189.567,14,0,84.969071,0.5819805194805194,0.5811688311688312
66,2333021316,1148.26,16,0,71.76625,0.18831168831168832,0.3547077922077922
67,2333021413,1172.01,15,0,78.134,0.338474025974026,0.43912337662337664
68,2333021766,725.08,20,0,36.254,0.010551948051948052,0.008928571428571428
69,2333021928,1199.71,13,1,92.285385,0.9622564935064936,0.7451298701298701
70,2333022088,1194.393,14,0,85.313786,0.6988636363636364,0.599025974025974
71,2333022100,1178.71,20,0,58.9355,0.4090909090909091,0.14042207792207792
72,2333023378,1199.32,14,0,85.665714,0.9277597402597403,0.6347402597402597
73,2333023548,1172.927,14,0,83.7805,0.3449675324675325,0.5503246753246753
74,2333023769,1197.187,19,0,63.009842,0.7922077922077922,0.275974025974026
75,2333023955,1195.754,15,0,79.716933,0.7491883116883117,0.4878246753246753
76,2333024218,1198.747,14,0,85.624786,0.8709415584415584,0.622564935064935
77,2333024498,1193.424,13,0,91.801846,0.6680194805194806,0.6883116883116883
78,2333024901,1199.927,13,1,92.302077,0.9890422077922078,0.7483766233766234
79,2333024994,1192.203,15,0,79.4802,0.6412337662337663,0.47564935064935066
80,2333025761,1154.33,14,0,82.452143,0.21753246753246752,0.5267857142857143
81,2333026181,1131.313,20,0,56.56565,0.14772727272727273,0.09983766233766234
82,2333026440,1191.867,10,0,119.1867,0.6347402597402597,0.9082792207792207
83,2333026512,974.91,20,0,48.7455,0.04383116883116883,0.041396103896103896
84,2333026695,1197.107,19,0,63.005632,0.788961038961039,0.27516233766233766
85,2333027047,1128.473,20,0,56.42365,0.14042207792207792,0.09740259740259741
86,2333027632,835.993,20,0,41.79965,0.021103896103896104,0.018668831168831168
87,2333028558,1194.7,14,0,85.335714,0.7094155844155844,0.6006493506493507
88,2333028655,1163.324,13,0,89.486462,0.26704545454545453,0.6542207792207793
89,2333028752,1161.05,17,0,68.297059,0.25487012987012986,0.31737012987012986
90,2333028841,1199.78,10,0,119.978,0.9732142857142857,0.9318181818181818
91,2333028931,1198.597,8,0,149.824625,0.8587662337662337,0.9886363636363636
92,2333029261,1197.286,12,0,99.773833,0.7978896103896104,0.8133116883116883
93,2333029341,1187.71,8,0,148.46375,0.5503246753246753,0.9797077922077922
94,2333029350,1085.564,12,0,90.463667,0.08766233766233766,0.6607142857142857
95,2333029759,1199.454,13,0,92.265692,0.9391233766233766,0.7402597402597403
96,2333029953,1185.56,11,0,107.778182,0.5016233766233766,0.8474025974025974
97,2333031389,1156.71,8,0,144.58875,0.22605519480519481,0.9724025974025974
98,2333031630,1174.633,14,0,83.902357,0.36241883116883117,0.5511363636363636
99,2333031729,1184.33,9,0,131.592222,0.4805194805194805,0.9512987012987013
100,2333032644,1198.41,13,0,92.185385,0.8474025974025974,0.7191558441558441
101,2333032911,1109.107,14,0,79.221929,0.11282467532467533,0.463474025974026
102,2333032997,1194.73,11,0,108.611818,0.711038961038961,0.8685064935064936
103,2333033276,1192.28,17,0,70.134118,0.6420454545454546,0.33766233766233766
104,2333033420,1198.096,13,0,92.161231,0.8303571428571429,0.7159090909090909
105,2333033519,1199.13,13,0,92.240769,0.9042207792207793,0.7337662337662337
106,2333033675,1166.723,11,0,106.065727,0.2922077922077922,0.8327922077922078
107,2333033861,1132.567,12,0,94.380583,0.15016233766233766,0.7532467532467533
108,2333034027,978.456,20,0,48.9228,0.045454545454545456,0.04301948051948052
109,2333034116,868.856,20,0,43.4428,0.02353896103896104,0.021103896103896104
110,2333034361,1198.19,8,0,149.77375,0.836038961038961,0.9878246753246753
111,2333034523,1158.113,14,0,82.722357,0.2353896103896104,0.5300324675324676
112,2333034817,1199.343,14,0,85.667357,0.9301948051948052,0.635551948051948
113,2333034965,1199.366,9,0,133.262889,0.9326298701298701,0.9659090909090909
114,2333035058,1192.48,13,0,91.729231,0.6493506493506493,0.685064935064935
115,2333035309,1195.72,13,0,91.978462,0.747564935064935,0.700487012987013
116,2333035635,1194.884,8,0,149.3605,0.7150974025974026,0.9853896103896104
117,2333036071,1199.29,14,1,85.663571,0.9249188311688312,0.6339285714285714
118,2333036224,1151.987,15,0,76.799133,0.20535714285714285,0.424512987012987
119,2333036321,1194.26,14,0,85.304286,0.6907467532467533,0.5982142857142857
120,2333036488,1192.763,13,0,91.751,0.6542207792207793,0.6858766233766234
121,2333037174,1198.88,15,0,79.925333,0.8835227272727273,0.5016233766233766
122,2333037328,1137.763,14,0,81.268786,0.16152597402597402,0.515422077922078
123,2333037352,1156.646,16,0,72.290375,0.22483766233766234,0.3587662337662338
124,2333037514,1136.123,9,0,126.235889,0.15665584415584416,0.9375
125,2333037611,1053.163,11,0,95.742091,0.06493506493506493,0.7564935064935064
126,2333037859,1169.057,20,0,58.45285,0.30438311688311687,0.12256493506493507
127,2333037867,1071.564,8,0,133.9455,0.07873376623376624,0.9683441558441559
128,2333038022,1073.477,20,0,53.67385,0.08035714285714286,0.0689935064935065
129,2333038707,1151.304,12,0,95.942,0.19967532467532467,0.7589285714285714
130,2333039118,1179.474,11,0,107.224909,0.41964285714285715,0.8417207792207793
131,2333039304,1195.507,10,0,119.5507,0.7386363636363636,0.913961038961039
132,2333039398,1194.683,15,0,79.645533,0.7086038961038961,0.48295454545454547
133,2333039967,1198.976,20,0,59.9488,0.8936688311688312,0.2086038961038961
134,2333042283,1198.21,9,0,133.134444,0.838474025974026,0.961038961038961
135,2333042542,1165.503,15,0,77.7002,0.2824675324675325,0.4310064935064935
136,2333042631,1173.76,16,0,73.36,0.3547077922077922,0.37094155844155846
137,2333042704,988.927,20,0,49.44635,0.049512987012987016,0.04626623376623377
138,2333043051,1198.896,10,0,119.8896,0.8847402597402597,0.9228896103896104
139,2333043298,1152.99,10,0,115.299,0.21103896103896103,0.890422077922078
140,2333043441,1169.62,19,0,61.558947,0.31087662337662336,0.24269480519480519
141,2333043638,1138.44,10,0,113.844,0.16314935064935066,0.887987012987013
142,2333043999,1194.007,10,0,119.4007,0.6818181818181818,0.9107142857142857
143,2333044588,1177.344,20,0,58.8672,0.3952922077922078,0.137987012987013
144,2333044677,1199.496,18,0,66.638667,0.9431818181818182,0.3125
145,2333045029,1191.454,9,0,132.383778,0.6245941558441559,0.9545454545454546
146,2333045681,1194.67,14,0,85.333571,0.7077922077922078,0.5998376623376623
147,2333045789,1198.85,13,0,92.219231,0.8798701298701299,0.7272727272727273
148,2333045975,1197.303,13,0,92.100231,0.7987012987012987,0.7118506493506493
149,2333046190,1198.863,14,0,85.633071,0.8823051948051948,0.6233766233766234
150,2333046441,1177.277,13,0,90.559769,0.3944805194805195,0.6623376623376623
151,2333046530,937.08,20,0,46.854,0.0349025974025974,0.03165584415584415
152,2333046637,1184.72,15,0,78.981333,0.4878246753246753,0.4537337662337662
153,2333047471,1152.214,12,0,96.017833,0.2069805194805195,0.760551948051948
154,2333047668,1169.694,9,0,129.966,0.3125,0.9439935064935064
155,2333048079,1161.486,19,0,61.130842,0.2564935064935065,0.23944805194805194
156,2333048761,244.18,20,0,12.209,0.002435064935064935,0.002435064935064935
157,2333049172,1190.496,12,0,99.208,0.6006493506493507,0.8011363636363636
158,2333049211,1190.063,17,0,70.003706,0.5917207792207793,0.3344155844155844
159,2333050308,1188.03,20,0,59.4015,0.5560064935064936,0.16071428571428573
160,2333050405,1194.816,13,0,91.908923,0.7126623376623377,0.6939935064935064
161,2333050626,1199.99,8,0,149.99875,0.9979707792207793,0.9918831168831169
162,2333050961,1198.196,14,0,85.585429,0.8368506493506493,0.6168831168831169
163,2333051568,1191.81,15,0,79.454,0.6323051948051948,0.474025974025974
164,2333052599,1197.776,13,0,92.136615,0.8161525974025974,0.7142857142857143
165,2333052670,1198.57,13,0,92.197692,0.8555194805194806,0.7207792207792207
166,2333052751,1188.91,12,0,99.075833,0.5714285714285714,0.7987012987012987
167,2333053102,1187.277,11,0,107.934273,0.5381493506493507,0.851461038961039
168,2333053269,1193.743,20,0,59.68715,0.6728896103896104,0.17857142857142858
169,2333053617,1199.044,9,0,133.227111,0.898538961038961,0.9642857142857143
170,2333053790,1156.363,20,0,57.81815,0.22402597402597402,0.11444805194805195
171,2333054206,1194.577,20,0,59.72885,0.7045454545454546,0.18262987012987014
172,2333054362,1118.35,12,0,93.195833,0.12256493506493507,0.75
173,2333054494,1176.544,17,0,69.208471,0.3912337662337662,0.3222402597402597
174,2333054559,1126.5,14,0,80.464286,0.13474025974025974,0.5113636363636364
175,2333054711,1165.036,11,1,105.912364,0.2800324675324675,0.8319805194805194
176,2333055067,1182.274,20,0,59.1137,0.4537337662337662,0.1461038961038961
177,2333055091,1199.436,15,0,79.9624,0.9366883116883117,0.5073051948051948
178,2333055318,1190.997,14,0,85.071214,0.6136363636363636,0.5827922077922078
179,2333055393,1195.603,10,0,119.5603,0.7418831168831169,0.9147727272727273
180,2333055580,757.08,20,0,37.854,0.01461038961038961,0.012987012987012988
181,2333055652,1133.823,20,0,56.69115,0.15503246753246752,0.10308441558441558
182,2333055695,1192.63,14,0,85.187857,0.6501623376623377,0.588474025974026
183,2333055741,1198.297,14,0,85.592643,0.8449675324675324,0.6176948051948052
184,2333056683,1195.26,10,0,119.526,0.7276785714285714,0.9131493506493507
185,2333056845,1186.453,20,0,59.32265,0.5186688311688312,0.15584415584415584
186,2333056853,1178.51,17,0,69.324118,0.40584415584415584,0.3246753246753247
187,2333056861,870.047,20,0,43.50235,0.024350649350649352,0.021915584415584416
188,2333056942,1189.676,7,0,169.953714,0.5852272727272727,0.9943181818181818
189,2333056951,1199.986,10,0,119.9986,0.9967532467532467,0.9326298701298701
190,2333057108,1195.06,14,0,85.361429,0.7191558441558441,0.601461038961039
191,2333057132,1199.527,9,0,133.280778,0.9460227272727273,0.9667207792207793
192,2333057191,1187.74,19,0,62.512632,0.5511363636363636,0.2621753246753247
193,2333057451,1174.446,20,0,58.7223,0.35957792207792205,0.1331168831168831
194,2333057469,1190.587,11,0,108.235182,0.6047077922077922,0.8563311688311688
195,2333057493,1199.62,20,0,59.981,0.9561688311688312,0.22077922077922077
196,2333057701,1199.813,15,0,79.987533,0.9780844155844156,0.5089285714285714
197,2333057710,1199.93,14,0,85.709286,0.9902597402597403,0.6444805194805194
198,2333057736,1190.517,20,0,59.52585,0.601461038961039,0.17126623376623376
199,2333058040,1194.01,20,0,59.7005,0.6826298701298701,0.1793831168831169
200,2333058082,1022.214,20,0,51.1107,0.056818181818181816,0.052759740259740256
201,2333058201,1191.266,12,0,99.272167,0.6209415584415584,0.8051948051948052
202,2333058295,1199.243,18,0,66.624611,0.9184253246753247,0.3116883116883117
203,2333058392,1199.096,18,0,66.616444,0.9001623376623377,0.31087662337662336
204,2333058554,1198.557,13,0,92.196692,0.8538961038961039,0.7199675324675324
205,2333058562,1184.397,13,0,91.107462,0.48295454545454547,0.6704545454545454
206,2333058589,1197.87,14,0,85.562143,0.8226461038961039,0.6152597402597403
207,2333058821,1188.03,14,0,84.859286,0.5560064935064936,0.5771103896103896
208,2333059232,1194.387,15,0,79.6258,0.698051948051948,0.48133116883116883
209,2333059321,1190.053,8,0,148.756625,0.5900974025974026,0.9821428571428571
210,2333059488,1090.733,9,0,121.192556,0.09090909090909091,0.9334415584415584
211,2333059640,1175.09,9,0,130.565556,0.3685064935064935,0.9472402597402597
212,2333059925,1199.774,13,0,92.290308,0.9724025974025974,0.7467532467532467
213,2333060176,1083.534,11,0,98.503091,0.08603896103896104,0.7897727272727273
214,2333060729,1191.236,15,0,79.415733,0.6176948051948052,0.4715909090909091
215,2333061181,1194.03,11,0,108.548182,0.6834415584415584,0.8636363636363636
216,2333061296,1197.464,9,0,133.051556,0.8043831168831169,0.9594155844155844
217,2333062829,1193.197,10,0,119.3197,0.663961038961039,0.9099025974025974
218,2333063124,1185.333,16,0,74.083312,0.49594155844155846,0.3871753246753247
219,2333063574,1199.797,16,0,74.987312,0.9768668831168831,0.4172077922077922
220,2333064422,1196.643,15,0,79.7762,0.7662337662337663,0.4902597402597403
221,2333064953,1197.99,20,0,59.8995,0.827922077922078,0.19967532467532467
222,2333065364,985.78,14,0,70.412857,0.048701298701298704,0.3449675324675325
223,2333065950,1159.997,11,0,105.454273,0.24594155844155843,0.8303571428571429
224,2333066999,1158.08,12,0,96.506667,0.23457792207792208,0.7662337662337663
225,2333067073,1195.147,16,0,74.696688,0.7232142857142857,0.40584415584415584
226,2333067154,1198.5,14,1,85.607143,0.849025974025974,0.6193181818181818
227,2333067502,1194.504,11,0,108.591273,0.7021103896103896,0.8668831168831169
228,2333067669,1169.247,17,0,68.779235,0.3060064935064935,0.3198051948051948
229,2333068266,1182.494,20,0,59.1247,0.45535714285714285,0.14691558441558442
230,2333068291,1187.636,15,0,79.175733,0.5478896103896104,0.46185064935064934
231,2333068967,729.02,20,0,36.451,0.011363636363636364,0.00974025974025974
232,2333069467,1188.827,13,0,91.448231,0.5689935064935064,0.6793831168831169
233,2333069645,1195.077,14,0,85.362643,0.7207792207792207,0.6022727272727273
234,2333069904,1060.763,10,0,106.0763,0.07061688311688312,0.8344155844155844
235,2333069980,1071.39,20,0,53.5695,0.07711038961038962,0.06818181818181818
236,2333070040,1183.087,13,0,91.006692,0.46185064935064934,0.6680194805194806
237,2333070091,1185.907,14,0,84.707643,0.5056818181818182,0.5706168831168831
238,2333070406,1140.413,14,0,81.458071,0.17126623376623376,0.5178571428571429
239,2333070414,1198.803,20,0,59.94015,0.8758116883116883,0.20454545454545456
240,2333070554,1175.12,19,1,61.848421,0.369724025974026,0.2483766233766234
241,2333070694,1199.247,13,0,92.249769,0.9200487012987013,0.7378246753246753
242,2333070759,1195.386,20,0,59.7693,0.7337662337662337,0.18668831168831168
243,2333070805,1153.387,19,0,60.704579,0.2150974025974026,0.237012987012987
244,2333070937,1176.336,13,0,90.487385,0.3871753246753247,0.661525974025974
245,2333071089,1139.7,20,0,56.985,0.1672077922077922,0.10551948051948051
246,2333071151,1160.234,12,0,96.686167,0.24756493506493507,0.7702922077922078
247,2333071330,1141.48,7,0,163.068571,0.1728896103896104,0.9926948051948052
248,2333071496,1191.964,15,0,79.464267,0.6363636363636364,0.47483766233766234
249,2333071682,1180.75,17,0,69.455882,0.43344155844155846,0.32711038961038963
250,2333072000,1199.756,14,0,85.696857,0.9703733766233766,0.6412337662337663
251,2333072093,1119.337,20,0,55.96685,0.125,0.09090909090909091
252,2333072247,932.06,20,0,46.603,0.033279220779220776,0.030032467532467532
253,2333072271,1177.857,12,0,98.15475,0.398538961038961,0.7857142857142857
254,2333072352,1184.934,12,1,98.7445,0.48863636363636365,0.7922077922077922
255,2333072387,1180.8,15,0,78.72,0.4354707792207792,0.450487012987013
256,2333072531,1157.06,16,0,72.31625,0.22727272727272727,0.35957792207792205
257,2333072875,1109.036,11,0,100.821455,0.11201298701298701,0.8206168831168831
258,2333073031,1157.063,12,0,96.421917,0.22808441558441558,0.7637987012987013
259,2333073138,1143.33,12,0,95.2775,0.17613636363636365,0.7556818181818182
260,2333073294,1191.114,12,0,99.2595,0.6160714285714286,0.8035714285714286
261,2333073472,1199.376,15,0,79.9584,0.9334415584415584,0.5064935064935064
262,2333073570,1175.407,20,0,58.77035,0.3741883116883117,0.13636363636363635
263,2333073880,1101.897,10,0,110.1897,0.10470779220779221,0.885551948051948
264,2333074045,1197.374,6,0,199.562333,0.8027597402597403,0.997564935064935
265,2333074231,1127.724,20,0,56.3862,0.13717532467532467,0.09577922077922078
266,2333074487,1183.297,12,0,98.608083,0.4650974025974026,0.7913961038961039
267,2333074746,1199.637,12,1,99.96975,0.9577922077922078,0.8173701298701299
268,2333075076,1157.993,20,0,57.89965,0.23214285714285715,0.11525974025974026
269,2333075688,1196.347,11,0,108.758818,0.7573051948051948,0.872564935064935
270,2333076111,1153.336,20,0,57.6668,0.21428571428571427,0.11363636363636363
271,2333076625,1186.613,12,0,98.884417,0.5194805194805194,0.7946428571428571
272,2333076714,1184.35,16,0,74.021875,0.48133116883116883,0.38311688311688313
273,2333076871,1183.134,11,0,107.557636,0.46266233766233766,0.8441558441558441
274,2333079179,1191.87,11,0,108.351818,0.635551948051948,0.8587662337662337
275,2333079268,1180.34,16,0,73.77125,0.42938311688311687,0.37743506493506496
276,2333079276,1173.973,20,0,58.69865,0.35633116883116883,0.13230519480519481
277,2333079373,1175.203,16,0,73.450188,0.37094155844155846,0.37256493506493504
278,2333079608,1059.266,20,0,52.9633,0.0689935064935065,0.06168831168831169
279,2333080525,1197.197,14,0,85.514071,0.7938311688311688,0.612012987012987
280,2333080860,1190.45,20,0,59.5225,0.5982142857142857,0.16964285714285715
281,2333081211,1184.177,17,0,69.657471,0.47767857142857145,0.3287337662337662
282,2333081301,1192.42,8,0,149.0525,0.6477272727272727,0.9837662337662337
283,2333081394,1154.497,16,0,72.156062,0.21834415584415584,0.35714285714285715
284,2333081742,1186.406,8,0,148.30075,0.5170454545454546,0.9772727272727273
285,2333081998,1193.9,14,0,85.278571,0.6785714285714286,0.5925324675324676
286,2333082498,1145.806,9,0,127.311778,0.1793831168831169,0.9383116883116883
287,2333083109,1196.683,13,0,92.052538,0.7678571428571429,0.7053571428571429
288,2333083168,1150.746,16,0,71.921625,0.19724025974025974,0.35633116883116883
289,2333083257,1192.333,18,0,66.240722,0.6436688311688312,0.3027597402597403
290,2333083788,1194.183,14,0,85.298786,0.6883116883116883,0.5974025974025974
291,2333084032,1159.14,12,0,96.595,0.24269480519480519,0.7678571428571429
292,2333084199,1189.583,10,0,118.9583,0.5836038961038961,0.9074675324675324
293,2333084440,1052.197,20,0,52.60985,0.0625,0.056818181818181816
294,2333084806,1185.374,20,0,59.2687,0.49756493506493504,0.15178571428571427
295,2333085047,1196.017,20,0,59.80085,0.7516233766233766,0.19074675324675325
296,2333085641,1063.49,20,0,53.1745,0.07224025974025974,0.0633116883116883
297,2333085730,1184.46,14,0,84.604286,0.4837662337662338,0.5681818181818182
298,2333087082,1180.23,13,0,90.786923,0.42857142857142855,0.663961038961039
299,2333087198,1194.36,11,0,108.578182,0.6956168831168831,0.8652597402597403
300,2333087201,1178.703,15,0,78.5802,0.4082792207792208,0.44642857142857145
301,2333087287,1187.83,13,0,91.371538,0.551948051948052,0.6777597402597403
302,2333087881,1189.533,17,0,69.972529,0.5803571428571429,0.3327922077922078
303,2333088143,1191.143,20,0,59.55715,0.6168831168831169,0.17207792207792208
304,2333088275,1171.657,15,0,78.110467,0.33035714285714285,0.4366883116883117
305,2333088399,1196.51,8,0,149.56375,0.7613636363636364,0.9862012987012987
306,2333088445,1196.684,13,0,92.052615,0.7686688311688312,0.7061688311688312
307,2333088470,1197.194,13,0,92.091846,0.7930194805194806,0.7102272727272727
308,2333088496,1195.64,14,0,85.402857,0.7435064935064936,0.6047077922077922
309,2333088534,991.49,20,0,49.5745,0.05032467532467533,0.04707792207792208
310,2333088542,1177.373,14,0,84.098071,0.3961038961038961,0.5551948051948052
311,2333088810,1185.343,16,0,74.083938,0.4967532467532468,0.387987012987013
312,2333088828,1193.194,12,0,99.432833,0.6631493506493507,0.8068181818181818
313,2333089069,1198.85,13,0,92.219231,0.8798701298701299,0.7272727272727273
314,2333089077,1199.756,20,0,59.9878,0.9703733766233766,0.22321428571428573
315,2333089484,1197.49,11,0,108.862727,0.8051948051948052,0.8758116883116883
316,2333089581,1199.707,14,0,85.693357,0.961038961038961,0.6396103896103896
317,2333089760,1173.1,8,0,146.6375,0.34862012987012986,0.9748376623376623
318,2333090831,1199.18,13,0,92.244615,0.9119318181818182,0.7362012987012987
319,2333091365,1152.153,19,0,60.639632,0.20616883116883117,0.2353896103896104
320,2333091616,1176.21,14,0,84.015,0.38636363636363635,0.5535714285714286
321,2333091951,1180.91,19,0,62.153158,0.4383116883116883,0.2564935064935065
322,2333092035,1199.29,19,0,63.120526,0.9249188311688312,0.28165584415584416
323,2333092302,1199.897,12,0,99.991417,0.9853896103896104,0.8189935064935064
324,2333092973,1199.247,15,0,79.9498,0.9200487012987013,0.5056818181818182
325,2333093066,1140.007,11,0,103.637,0.16964285714285715,0.8262987012987013
326,2333093724,1125.627,11,0,102.329727,0.13392857142857142,0.8238636363636364
327,2333093856,1132.947,15,0,75.5298,0.1534090909090909,0.41964285714285715
328,2333094003,1194.266,18,0,66.348111,0.6915584415584416,0.3051948051948052
329,2333094348,1196.357,15,0,79.757133,0.7581168831168831,0.48944805194805197
330,2333094356,1198.977,14,0,85.641214,0.8944805194805194,0.6258116883116883
331,2333094674,1127.166,14,0,80.511857,0.13555194805194806,0.5121753246753247
332,2333095263,1166.427,15,0,77.7618,0.288961038961039,0.4318181818181818
333,2333095361,1151.84,9,0,127.982222,0.20454545454545456,0.939935064935065
334,2333095794,1196.69,15,0,79.779333,0.7694805194805194,0.49107142857142855
335,2333096201,1172.774,14,0,83.769571,0.34334415584415584,0.549512987012987
336,2333097096,1196.446,11,0,108.767818,0.760551948051948,0.8733766233766234
337,2333097657,1183.89,16,0,73.993125,0.4724025974025974,0.3823051948051948
338,2333098432,1145.27,19,0,60.277368,0.17857142857142858,0.23376623376623376
339,2333099005,1150.213,14,0,82.158071,0.19480519480519481,0.5227272727272727
340,2333099285,1180.887,19,0,62.151947,0.4366883116883117,0.2556818181818182
341,2333099358,1199.6,13,0,92.276923,0.9545454545454546,0.7435064935064936
342,2333099374,1172.153,20,0,58.60765,0.3400974025974026,0.12987012987012986
343,2333099447,1158.743,13,0,89.134077,0.24025974025974026,0.6501623376623377
344,2333099625,1098.893,15,0,73.259533,0.1038961038961039,0.3685064935064935
345,2333100038,1147.97,9,0,127.552222,0.18425324675324675,0.9391233766233766
346,2333100135,1194.407,9,0,132.711889,0.700487012987013,0.9569805194805194
347,2333100801,1196.814,13,0,92.062615,0.7743506493506493,0.7086038961038961
348,2333100984,1156.184,14,0,82.584571,0.22321428571428573,0.5275974025974026
349,2333101336,1197.87,13,0,92.143846,0.8226461038961039,0.7150974025974026
350,2333101832,1194.173,14,0,85.298071,0.6875,0.5965909090909091
351,2333101999,1078.953,9,0,119.883667,0.08441558441558442,0.922077922077922
352,2333102090,1155.713,12,0,96.309417,0.22077922077922077,0.762987012987013
353,2333102171,1192.91,13,0,91.762308,0.6558441558441559,0.6866883116883117
354,2333102260,1198.923,10,0,119.8923,0.8887987012987013,0.9237012987012987
355,2333102936,1196.706,14,0,85.479,0.7719155844155844,0.6087662337662337
356,2333102979,1170.253,15,0,78.016867,0.3198051948051948,0.43344155844155846
357,2333103878,595.236,20,0,29.7618,0.008116883116883116,0.008116883116883116
358,2333104483,1159.003,20,0,57.95015,0.24107142857142858,0.11607142857142858
359,2333104637,1191.596,17,0,70.093882,0.6282467532467533,0.33685064935064934
360,2333104726,1186.68,20,1,59.334,0.5219155844155844,0.15746753246753248
361,2333104823,1198.78,13,0,92.213846,0.8741883116883117,0.7256493506493507
362,2333105013,1180.8,19,0,62.147368,0.4354707792207792,0.25487012987012986
363,2333105315,1167.497,11,0,106.136091,0.29707792207792205,0.8352272727272727
364,2333105579,1096.536,9,0,121.837333,0.09902597402597403,0.9342532467532467
365,2333106010,1190.603,16,0,74.412688,0.6055194805194806,0.3977272727272727
366,2333106354,1193.824,13,0,91.832615,0.6753246753246753,0.6891233766233766
367,2333107628,1098.324,20,0,54.9162,0.10064935064935066,0.07792207792207792
368,2333107768,1190.633,17,0,70.037235,0.6071428571428571,0.336038961038961
369,2333108829,1199.153,13,0,92.242538,0.9066558441558441,0.734577922077922
370,2333109001,761.397,20,0,38.06985,0.015422077922077922,0.013798701298701298
371,2333109451,1151.08,14,0,82.22,0.19805194805194806,0.523538961038961
372,2333109663,1199.456,13,0,92.265846,0.939935064935065,0.7410714285714286
373,2333109761,1169.796,14,0,83.556857,0.31412337662337664,0.5454545454545454
374,2333110858,905.84,20,0,45.292,0.02922077922077922,0.026785714285714284
375,2333111293,1175.97,11,0,106.906364,0.38189935064935066,0.8400974025974026
376,2333111366,1189.536,16,0,74.346,0.5811688311688312,0.3952922077922078
377,2333111455,1175.97,19,0,61.893158,0.38189935064935066,0.25
378,2333111790,1107.97,20,0,55.3985,0.10957792207792208,0.0836038961038961
379,2333111986,1196.867,14,0,85.4905,0.7771915584415584,0.609577922077922
380,2333112397,1199.156,15,0,79.943733,0.9082792207792207,0.5040584415584416
381,2333112745,1190.903,16,0,74.431438,0.6128246753246753,0.39935064935064934
382,2333112907,1171.864,19,0,61.677053,0.336038961038961,0.24431818181818182
383,2333112931,1192.39,17,0,70.140588,0.6452922077922078,0.338474025974026
384,2333113245,1162.743,16,0,72.671438,0.26461038961038963,0.362012987012987
385,2333113334,1199.203,13,0,92.246385,0.9147727272727273,0.737012987012987
386,2333114021,1179.897,12,0,98.32475,0.4237012987012987,0.7881493506493507
387,2333114101,1199.88,20,0,59.994,0.9825487012987013,0.2252435064935065
388,2333114438,1199.476,13,0,92.267385,0.9415584415584416,0.7418831168831169
389,2333115043,1199.83,12,0,99.985833,0.9788961038961039,0.8181818181818182
390,2333115558,1172.984,11,0,106.634909,0.3465909090909091,0.8376623376623377
391,2333115825,1176.137,10,0,117.6137,0.3847402597402597,0.898538961038961
392,2333115884,1199.103,20,0,59.95515,0.900974025974026,0.21022727272727273
393,2333116040,1181.334,17,0,69.490235,0.44237012987012986,0.32792207792207795
394,2333116236,1184.994,14,0,84.642429,0.4902597402597403,0.5689935064935064
395,2333116333,1093.94,16,0,68.37125,0.09659090909090909,0.3181818181818182
396,2333116392,1183.42,20,0,59.171,0.46834415584415584,0.14935064935064934
397,2333116660,1199.977,14,0,85.712643,0.9951298701298701,0.6461038961038961
398,2333117836,1199.124,15,0,79.9416,0.9034090909090909,0.5032467532467533
399,2333118026,1176.006,13,0,90.462,0.38392857142857145,0.6599025974025974
400,2333118522,1111.464,20,0,55.5732,0.11525974025974026,0.08685064935064934
401,2333118620,1199.874,14,0,85.705286,0.9813311688311688,0.6436688311688312
402,2333118964,1169.33,16,0,73.083125,0.30762987012987014,0.36607142857142855
403,2333119120,1191.694,20,0,59.5847,0.6306818181818182,0.1737012987012987
404,2333119413,1177.997,20,0,58.89985,0.39935064935064934,0.1387987012987013
405,2333119634,1183.343,16,0,73.958938,0.4667207792207792,0.3806818181818182
406,2333119812,1176.444,12,0,98.037,0.3887987012987013,0.7849025974025974
407,2333119979,1190.576,16,0,74.411,0.6030844155844156,0.3969155844155844
408,2333120071,1173.966,19,0,61.787684,0.3555194805194805,0.24594155844155843
409,2333120721,1102.87,20,0,55.1435,0.10551948051948051,0.08035714285714286
410,2333120837,1166.223,19,0,61.380158,0.286525974025974,0.2418831168831169
411,2333121108,1185.183,16,0,74.073938,0.4935064935064935,0.38555194805194803
412,2333121779,1170.88,18,0,65.048889,0.32305194805194803,0.288961038961039
413,2333121850,1198.54,15,0,79.902667,0.851461038961039,0.5008116883116883
414,2333121949,1183.31,16,0,73.956875,0.4659090909090909,0.37987012987012986
415,2333122015,1198.58,13,0,92.198462,0.8563311688311688,0.7215909090909091
416,2333122465,1195.44,13,0,91.956923,0.7362012987012987,0.6988636363636364
417,2333122520,1078.833,10,0,107.8833,0.0836038961038961,0.849025974025974
418,2333122619,1186.233,13,0,91.248692,0.5121753246753247,0.674512987012987
419,2333122651,1185.2,16,0,74.075,0.49512987012987014,0.38636363636363635
420,2333122805,1175.077,14,0,83.934071,0.3676948051948052,0.5527597402597403
421,2333123305,1174.257,19,0,61.803,0.3587662337662338,0.24756493506493507
422,2333123399,1191.817,16,0,74.488562,0.6331168831168831,0.40016233766233766
423,2333123551,1180.21,15,0,78.680667,0.4277597402597403,0.4496753246753247
424,2333123909,1184.167,20,0,59.20835,0.476461038961039,0.15097402597402598
425,2333123992,1197.263,20,0,59.86315,0.796672077922078,0.19602272727272727
426,2333124166,1195.03,10,0,119.503,0.7175324675324676,0.9123376623376623
427,2333124409,1179.42,14,0,84.244286,0.41883116883116883,0.5584415584415584
428,2333125359,1198.727,13,0,92.209769,0.8693181818181818,0.7248376623376623
429,2333126002,744.306,20,0,37.2153,0.012987012987012988,0.011363636363636364
430,2333126380,1193.737,9,1,132.637444,0.672077922077922,0.9561688311688312
431,2333126444,1160.783,14,0,82.913071,0.25243506493506496,0.5332792207792207
432,2333127050,1155.81,16,0,72.238125,0.2224025974025974,0.35795454545454547
433,2333127483,1199.364,13,0,92.258769,0.9318181818181818,0.7386363636363636
434,2333127637,1194.45,13,0,91.880769,0.7012987012987013,0.6923701298701299
435,2333128170,1172.124,15,0,78.1416,0.3392857142857143,0.43993506493506496
436,2333128935,1198.777,19,0,63.093526,0.8733766233766234,0.28084415584415584
437,2333129346,1188.184,20,0,59.4092,0.5592532467532467,0.16152597402597402
438,2333129451,1199.99,20,0,59.9995,0.9979707792207793,0.23214285714285715
439,2333129541,1188.303,16,0,74.268938,0.5608766233766234,0.3944805194805195
440,2333129630,1195.756,11,0,108.705091,0.75,0.8717532467532467
441,2333129681,1181.666,13,0,90.897385,0.44642857142857145,0.6663961038961039
442,2333129788,947.193,20,0,47.35965,0.03571428571428571,0.032467532467532464
443,2333129982,1197.02,15,0,79.801333,0.7832792207792207,0.49188311688311687
444,2333130034,993.917,20,0,49.69585,0.05113636363636364,0.04788961038961039
445,2333130042,1199.54,14,0,85.681429,0.950487012987013,0.6375811688311688
446,2333130140,1197.09,19,0,63.004737,0.7881493506493507,0.27435064935064934
447,2333130727,1198.846,20,0,59.9423,0.8782467532467533,0.2069805194805195
448,2333130972,810.53,20,0,40.5265,0.017857142857142856,0.015422077922077922
449,2333131286,1196.297,16,1,74.768562,0.7556818181818182,0.4090909090909091
450,2333131472,1192.81,20,0,59.6405,0.6550324675324676,0.17613636363636365
451,2333131821,1199.54,20,0,59.977,0.950487012987013,0.21834415584415584
452,2333131987,1165.497,10,0,116.5497,0.28165584415584416,0.8928571428571429
453,2333132339,1178.93,16,0,73.683125,0.411525974025974,0.3741883116883117
454,2333132517,1196.537,19,1,62.975632,0.762987012987013,0.2719155844155844
455,2333132584,1189.273,20,0,59.46365,0.5771103896103896,0.16558441558441558
456,2333132614,1174.937,13,0,90.379769,0.36607142857142855,0.6590909090909091
457,2333133114,1181.543,20,0,59.07715,0.4439935064935065,0.1444805194805195
458,2333133963,1195.037,9,0,132.781889,0.7183441558441559,0.9577922077922078
459,2333134374,1185.743,14,0,84.695929,0.5032467532467533,0.5698051948051948
460,2333134463,1199.967,20,0,59.99835,0.9931006493506493,0.2305194805194805
461,2333134625,1194.2,20,0,59.71,0.6891233766233766,0.18019480519480519
462,2333135061,1162.466,13,0,89.420462,0.2621753246753247,0.6525974025974026
463,2333135401,1166.136,17,0,68.596235,0.2857142857142857,0.3189935064935065
464,2333135508,1168.14,14,0,83.438571,0.30194805194805197,0.5438311688311688
465,2333135567,1199.79,11,0,109.071818,0.9744318181818182,0.8839285714285714
466,2333137012,1191.03,15,0,79.402,0.614448051948052,0.4707792207792208
467,2333137110,1169.724,20,0,58.4862,0.3133116883116883,0.12581168831168832
468,2333137799,1199.713,10,0,119.9713,0.963474025974026,0.9285714285714286
469,2333140340,1187.01,10,0,118.701,0.5308441558441559,0.9042207792207793
470,2333140447,1187.49,20,0,59.3745,0.5438311688311688,0.1599025974025974
471,2333140692,837.677,20,0,41.88385,0.021915584415584416,0.01948051948051948
472,2333141451,1187.38,15,0,79.158667,0.5397727272727273,0.461038961038961
473,2333141532,1128.85,19,0,59.413158,0.14123376623376624,0.16233766233766234
474,2333141737,1171.69,14,0,83.692143,0.33116883116883117,0.5487012987012987
475,2333142148,1199.176,14,0,85.655429,0.9107142857142857,0.6290584415584416
476,2333142393,1196.377,13,0,92.029,0.7597402597402597,0.702922077922078
477,2333143071,967.753,20,0,48.38765,0.041396103896103896,0.03896103896103896
478,2333143322,1177.623,17,0,69.271941,0.3969155844155844,0.32305194805194803
479,2333143420,1193.13,16,0,74.570625,0.6607142857142857,0.4034090909090909
480,2333143527,1187.86,15,0,79.190667,0.5535714285714286,0.46266233766233766
481,2333143675,1150.587,16,0,71.911688,0.1956168831168831,0.3555194805194805
482,2333144370,1163.506,20,0,58.1753,0.26866883116883117,0.11931818181818182
483,2333144523,1196.276,15,0,79.751733,0.7548701298701299,0.48863636363636365
484,2333144591,978.15,20,0,48.9075,0.044642857142857144,0.04220779220779221
485,2333144671,1194.64,20,0,59.732,0.7061688311688312,0.18344155844155843
486,2333144841,1194.83,13,0,91.91,0.713474025974026,0.6948051948051948
487,2333144973,1191.67,13,0,91.666923,0.6290584415584416,0.6842532467532467
488,2333145791,890.3,20,0,44.515,0.026785714285714284,0.024350649350649352
489,2333146313,1185.886,12,1,98.823833,0.5040584415584416,0.7930194805194806
490,2333146739,1019.334,10,0,101.9334,0.05519480519480519,0.823051948051948
491,2333146810,1063.827,20,0,53.19135,0.07305194805194805,0.06412337662337662
492,2333146917,1199.534,16,0,74.970875,0.9488636363636364,0.4155844155844156
493,2333146984,1185.55,13,0,91.196154,0.5008116883116883,0.6728896103896104
494,2333147018,894.774,20,0,44.7387,0.027597402597402596,0.025162337662337664
495,2333147328,1038.616,7,1,148.373714,0.060064935064935064,0.9780844155844156
496,2333147573,1192.307,16,0,74.519188,0.6428571428571429,0.4025974025974026
497,2333147671,1199.163,12,0,99.93025,0.9090909090909091,0.8165584415584416
498,2333147832,1197.943,10,0,119.7943,0.825487012987013,0.9180194805194806
499,2333148260,1198.553,10,0,119.8553,0.8530844155844156,0.9204545454545454
500,2333148511,1187.613,14,0,84.8295,0.547077922077922,0.575487012987013
501,2333149461,1199.633,20,0,59.98165,0.9569805194805194,0.2215909090909091
502,2333149541,1196.863,11,0,108.805727,0.775974025974026,0.8741883116883117
503,2333150817,1018.237,20,0,50.91185,0.05438311688311688,0.05113636363636364
504,2333150990,1193.177,17,0,70.186882,0.6623376623376623,0.3409090909090909
505,2333151155,1110.817,20,0,55.54085,0.11444805194805195,0.08603896103896104
506,2333151341,1196.85,19,0,62.992105,0.7751623376623377,0.273538961038961
507,2333151503,1179.317,19,0,62.069316,0.4172077922077922,0.25243506493506496
508,2333151759,1162.337,16,0,72.646062,0.26055194805194803,0.3612012987012987
509,2333152194,1199.69,19,0,63.141579,0.9602272727272727,0.2832792207792208
510,2333152445,1163.8,16,0,72.7375,0.2702922077922078,0.3628246753246753
511,2333152763,1191.707,15,0,79.447133,0.6314935064935064,0.4732142857142857
512,2333152895,1156.71,15,0,77.114,0.22605519480519481,0.4253246753246753
513,2333152950,1146.95,13,0,88.226923,0.18019480519480519,0.6477272727272727
514,2333153042,1147.983,14,0,81.998786,0.18506493506493507,0.5194805194805194
515,2333153387,1197.786,15,0,79.8524,0.8181818181818182,0.49594155844155846
516,2333154081,1152.477,20,0,57.62385,0.2086038961038961,0.11282467532467533
517,2333154405,1161.026,14,0,82.930429,0.25405844155844154,0.5349025974025974
518,2333154642,1172.823,19,0,61.727526,0.34415584415584416,0.24512987012987014
519,2333156092,1198.964,9,0,133.218222,0.8912337662337663,0.963474025974026
520,2333156246,1187.6,10,0,118.76,0.5454545454545454,0.9066558441558441
521,2333156785,1197.884,19,0,63.046526,0.8238636363636364,0.2775974025974026
522,2333157137,1199.833,14,0,85.702357,0.9797077922077922,0.6428571428571429
523,2333157145,1118.69,20,0,55.9345,0.12337662337662338,0.09009740259740259
524,2333157226,1187.443,11,0,107.949364,0.5422077922077922,0.8530844155844156
525,2333158044,1184.984,15,1,78.998933,0.48944805194805197,0.45454545454545453
526,2333158320,1154.974,17,0,67.939647,0.21996753246753248,0.31655844155844154
527,2333158397,1167.133,14,0,83.366643,0.29383116883116883,0.5413961038961039
528,2333159083,1199.53,14,0,85.680714,0.9476461038961039,0.6363636363636364
529,2333159687,1195.277,16,0,74.704812,0.7297077922077922,0.4082792207792208
530,2333160197,1199.747,10,0,119.9747,0.9691558441558441,0.9310064935064936
531,2333160464,1186.99,18,0,65.943889,0.5300324675324676,0.2962662337662338
532,2333160782,1191.25,18,0,66.180556,0.619724025974026,0.30194805194805197
533,2333161134,1127.227,15,0,75.148467,0.13636363636363635,0.4180194805194805
534,2333161215,1160.5,12,0,96.708333,0.2508116883116883,0.7711038961038961
535,2333161975,1196.563,13,0,92.043308,0.7637987012987013,0.7037337662337663
536,2333162076,1192.396,20,0,59.6198,0.6461038961038961,0.17532467532467533
537,2333162661,251.497,20,0,12.57485,0.003246753246753247,0.003246753246753247
538,2333163005,1172.236,20,0,58.6118,0.3409090909090909,0.13068181818181818
539,2333163269,1169.804,14,0,83.557429,0.31493506493506496,0.5462662337662337
540,2333163421,1190.457,20,0,59.52285,0.599025974025974,0.17045454545454544
541,2333163528,1194.914,19,0,62.890211,0.7167207792207793,0.2694805194805195
542,2333164613,1179.39,9,0,131.043333,0.4180194805194805,0.950487012987013
543,2333165393,1093.08,12,0,91.09,0.09496753246753246,0.6696428571428571
544,2333165903,1190.73,13,0,91.594615,0.609577922077922,0.6826298701298701
545,2333166152,1088.564,20,0,54.4282,0.08928571428571429,0.07305194805194805
546,2333166314,1171.27,17,0,68.898235,0.3262987012987013,0.32142857142857145
547,2333166691,1175.294,9,0,130.588222,0.37256493506493504,0.948051948051948
548,2333166993,1193.236,20,0,59.6618,0.6663961038961039,0.17775974025974026
549,2333167256,1198.85,13,0,92.219231,0.8798701298701299,0.7272727272727273
550,2333168198,1181.78,20,0,59.089,0.44805194805194803,0.1452922077922078
551,2333168368,1199.437,13,0,92.264385,0.9375,0.739448051948052
552,2333168384,1154.667,12,0,96.22225,0.21915584415584416,0.7621753246753247
553,2333169143,1198.67,13,0,92.205385,0.8652597402597403,0.7232142857142857
554,2333169640,1194.57,20,0,59.7285,0.7037337662337663,0.18181818181818182
555,2333169801,1091.976,20,0,54.5988,0.09334415584415584,0.07467532467532467
556,2333170338,1178.183,16,0,73.636438,0.4025974025974026,0.37337662337662336
557,2333170494,1144.954,17,0,67.350235,0.17775974025974026,0.3157467532467532
558,2333170834,1137.867,12,0,94.82225,0.16233766233766234,0.7540584415584416
559,2333171181,1199.19,14,0,85.656429,0.9131493506493507,0.6298701298701299
560,2333171270,1192.967,20,0,59.64835,0.6566558441558441,0.17694805194805194
561,2333171342,1187.41,16,0,74.213125,0.5413961038961039,0.39366883116883117
562,2333171598,497.58,20,0,24.879,0.007305194805194805,0.007305194805194805
563,2333171971,1198.59,20,0,59.9295,0.8575487012987013,0.20292207792207792
564,2333172446,1132.83,15,0,75.522,0.15178571428571427,0.41883116883116883
565,2333172471,1176.193,12,0,98.016083,0.38555194805194803,0.7840909090909091
566,2333172578,1164.456,19,0,61.287158,0.27516233766233766,0.24107142857142858
567,2333172632,1199.79,18,0,66.655,0.9744318181818182,0.3133116883116883
568,2333172721,1039.147,20,0,51.95735,0.060876623376623376,0.056006493506493504
569,2333173060,1169.91,12,0,97.4925,0.3157467532467532,0.7775974025974026
570,2333174767,815.9,20,0,40.795,0.01948051948051948,0.017045454545454544
571,2333175534,1198.603,12,1,99.883583,0.8599837662337663,0.814935064935065
572,2333175704,884.42,20,0,44.221,0.025974025974025976,0.02353896103896104
573,2333175925,1186.15,14,0,84.725,0.510551948051948,0.5722402597402597
574,2333176221,1169.93,20,0,58.4965,0.31655844155844154,0.1266233766233766
575,2333176379,1178.027,10,0,117.8027,0.40016233766233766,0.9001623376623377
576,2333176417,1070.377,20,0,53.51885,0.0762987012987013,0.06737012987012987
577,2333177227,1152.82,11,0,104.801818,0.20941558441558442,0.8287337662337663
578,2333177561,1197.177,20,0,59.85885,0.7913961038961039,0.19480519480519481
579,2333177723,1198.62,13,0,92.201538,0.8632305194805194,0.7224025974025974
580,2333177910,1198.75,16,0,74.921875,0.8717532467532467,0.41233766233766234
581,2333178070,1195.437,20,0,59.77185,0.7353896103896104,0.1875
582,2333178096,1193.21,11,0,108.473636,0.6647727272727273,0.862012987012987
583,2333178452,1027.147,20,0,51.35735,0.05844155844155844,0.05438311688311688
584,2333178754,1163.837,10,0,116.3837,0.2711038961038961,0.8912337662337663
585,2333179262,1192.05,16,1,74.503125,0.637987012987013,0.400974025974026
586,2333180201,1136.983,20,0,56.84915,0.1590909090909091,0.10470779220779221
587,2333180309,1193.173,10,0,119.3173,0.661525974025974,0.9090909090909091
588,2333181569,1172.46,13,0,90.189231,0.3425324675324675,0.6574675324675324
589,2333181691,1199.933,14,0,85.7095,0.9910714285714286,0.6452922077922078
590,2333181755,1188.58,15,0,79.238667,0.5665584415584416,0.4650974025974026
591,2333182093,1146.983,20,0,57.34915,0.1810064935064935,0.10795454545454546
592,2333182158,1193.55,16,0,74.596875,0.6696428571428571,0.4042207792207792
593,2333182506,1198.664,11,0,108.969455,0.864448051948052,0.8806818181818182
594,2333182689,1178.383,8,0,147.297875,0.4050324675324675,0.9756493506493507
595,2333182786,1162.53,12,0,96.8775,0.2637987012987013,0.7727272727272727
596,2333183103,1195.543,11,0,108.685727,0.7402597402597403,0.8701298701298701
597,2333183731,1190.263,14,0,85.018786,0.5933441558441559,0.5819805194805194
598,2333183880,1176.42,19,0,61.916842,0.387987012987013,0.2508116883116883
599,2333184339,923.893,20,0,46.19465,0.03165584415584415,0.028409090909090908
600,2333184894,1159.764,11,0,105.433091,0.24431818181818182,0.8295454545454546
601,2333185041,1186.87,11,0,107.897273,0.5263798701298701,0.8502435064935064
602,2333185076,1185.026,5,0,237.0052,0.4926948051948052,0.9991883116883117
603,2333185327,1188.523,15,0,79.234867,0.564935064935065,0.4642857142857143
604,2333185998,1184.017,19,0,62.316684,0.47564935064935066,0.2597402597402597
605,2333186170,1198.283,17,0,70.487235,0.8433441558441559,0.3482142857142857
606,2333186340,1196.15,12,0,99.679167,0.7532467532467533,0.8108766233766234
607,2333186374,1196.87,10,0,119.687,0.7784090909090909,0.9155844155844156
608,2333187036,1174.45,13,0,90.342308,0.36038961038961037,0.6582792207792207
609,2333187460,1179.257,16,0,73.703562,0.4155844155844156,0.3758116883116883
610,2333189578,1186.394,20,0,59.3197,0.5162337662337663,0.15503246753246752
611,2333190100,1199.147,10,0,119.9147,0.9058441558441559,0.9253246753246753
612,2333190355,1199.063,13,0,92.235615,0.8993506493506493,0.7329545454545454
613,2333190436,1165.61,10,0,116.561,0.2832792207792208,0.8936688311688312
614,2333191653,1175.323,20,0,58.76615,0.37337662337662336,0.13555194805194806
615,2333191807,1092.3,20,0,54.615,0.09415584415584416,0.07548701298701299
616,2333192315,1098.85,20,0,54.9425,0.10308441558441558,0.07954545454545454
617,2333192561,1186.95,16,0,74.184375,0.5284090909090909,0.3912337662337662
618,2333192820,1180.097,14,0,84.292643,0.42694805194805197,0.5592532467532467
619,2333193079,1159.91,14,0,82.850714,0.24512987012987014,0.5324675324675324
620,2333193419,1191.45,15,0,79.43,0.6233766233766234,0.4724025974025974
621,2333193761,1175.93,19,0,61.891053,0.3806818181818182,0.24918831168831168
622,2333194601,1190.343,20,0,59.51715,0.5957792207792207,0.1680194805194805
623,2333194792,1196.66,13,0,92.050769,0.7670454545454546,0.7045454545454546
624,2333195748,1186.127,11,0,107.829727,0.5097402597402597,0.8482142857142857
625,2333195896,1129.906,20,0,56.4953,0.1461038961038961,0.09902597402597403
626,2333196094,1198.603,18,0,66.589056,0.8599837662337663,0.31006493506493504
627,2333197180,1114.894,14,0,79.635286,0.11931818181818182,0.48214285714285715
628,2333198437,1173.516,12,0,97.793,0.351461038961039,0.7808441558441559
629,2333198534,1175.563,9,0,130.618111,0.375,0.9488636363636364
630,2333198941,1196.767,12,0,99.730583,0.7727272727272727,0.8116883116883117
631,2333199042,1193.777,14,0,85.269786,0.674512987012987,0.5909090909090909
632,2333199298,1193.413,13,0,91.801,0.6672077922077922,0.6875
633,2333199638,1158.483,14,0,82.748786,0.237012987012987,0.5308441558441559
634,2333199883,1195.377,18,0,66.409833,0.7329545454545454,0.3060064935064935
635,2333200075,1186.32,17,0,69.783529,0.5137987012987013,0.33116883116883117
636,2333200571,1199.967,18,0,66.664833,0.9931006493506493,0.31412337662337664
637,2333200776,1191.57,14,0,85.112143,0.627435064935065,0.586038961038961
638,2333202469,1171.574,15,1,78.104933,0.3287337662337662,0.43506493506493504
639,2333202884,1169.297,16,0,73.081062,0.3068181818181818,0.3652597402597403
640,2333203414,1187.246,19,0,62.486632,0.5373376623376623,0.26055194805194803
641,2333203635,1192.65,15,0,79.51,0.650974025974026,0.476461038961039
642,2333203724,1148.016,16,0,71.751,0.1858766233766234,0.3538961038961039
643,2333204488,1137.523,15,0,75.834867,0.1599025974025974,0.42045454545454547
644,2333204577,1171.9,15,0,78.126667,0.33766233766233766,0.4383116883116883
645,2333204836,1195.717,20,0,59.78585,0.7467532467532467,0.18993506493506493
646,2333205018,1179.706,16,0,73.731625,0.4212662337662338,0.37662337662337664
647,2333205107,1187.023,12,0,98.918583,0.5316558441558441,0.7962662337662337
648,2333205352,1191.52,14,0,85.108571,0.6266233766233766,0.5852272727272727
649,2333205425,1199.254,20,1,59.9627,0.9212662337662337,0.21185064935064934
650,2333205859,1194.333,17,0,70.254882,0.6931818181818182,0.3417207792207792
651,2333206201,1137.65,10,0,113.765,0.16071428571428573,0.8871753246753247
652,2333206413,1183.193,11,0,107.563,0.463474025974026,0.8449675324675324
653,2333206553,1186.34,15,1,79.089333,0.5146103896103896,0.4577922077922078
654,2333207223,1178.753,14,0,84.196643,0.4099025974025974,0.5560064935064936
655,2333209005,1186.363,12,0,98.863583,0.515422077922078,0.7938311688311688
656,2333209251,1198.607,11,0,108.964273,0.8612012987012987,0.8798701298701299
657,2333209358,1121.326,12,0,93.443833,0.12824675324675325,0.7516233766233766
658,2333209447,1187.533,10,0,118.7533,0.5446428571428571,0.9058441558441559
659,2333209510,1199.323,10,0,119.9323,0.9285714285714286,0.9261363636363636
660,2333210003,1167.896,10,0,116.7896,0.3003246753246753,0.8944805194805194
661,2333210038,1198.59,14,0,85.613571,0.8575487012987013,0.6209415584415584
662,2333210364,1199.543,20,0,59.97715,0.9521103896103896,0.21915584415584416
663,2333210399,1190.033,20,0,59.50165,0.5892857142857143,0.1672077922077922
664,2333210453,1197.843,17,0,70.461353,0.8214285714285714,0.3474025974025974
665,2333210542,1199.687,16,0,74.980438,0.9594155844155844,0.4163961038961039
666,2333210640,1197.8,15,0,79.853333,0.8198051948051948,0.4967532467532468
667,2333210712,1161.173,13,0,89.321,0.2556818181818182,0.650974025974026
668,2333210739,1091.21,20,0,54.5605,0.09253246753246754,0.07386363636363637
669,2333210895,1187.68,12,0,98.973333,0.549512987012987,0.797077922077922
670,2333210950,1195.26,11,0,108.66,0.7276785714285714,0.8693181818181818
671,2333211093,1173.28,15,0,78.218667,0.34983766233766234,0.4407467532467532
672,2333211239,1096.13,11,0,99.648182,0.09821428571428571,0.810064935064935
673,2333211301,1134.79,14,0,81.056429,0.15584415584415584,0.5137987012987013
674,2333211395,1132.72,20,0,56.636,0.15097402597402598,0.10146103896103896
675,2333212154,1197.61,14,0,85.543571,0.8076298701298701,0.6136363636363636
676,2333212421,719.42,5,0,143.884,0.00974025974025974,0.9707792207792207
677,2333213029,966.477,20,0,48.32385,0.040584415584415584,0.03814935064935065
678,2333213347,1129.593,11,0,102.690273,0.14366883116883117,0.825487012987013
679,2333214335,1052.513,9,0,116.945889,0.0633116883116883,0.8952922077922078
680,2333214441,1170.874,18,0,65.048556,0.3222402597402597,0.28814935064935066
681,2333214637,1189.997,18,0,66.110944,0.588474025974026,0.2987012987012987
682,2333214971,1191.676,14,0,85.119714,0.6298701298701299,0.5868506493506493
683,2333215234,1091.146,11,0,99.195091,0.09172077922077922,0.8003246753246753
684,2333215285,1181.183,19,0,62.167526,0.4407467532467532,0.2573051948051948
685,2333215587,1189.476,18,0,66.082,0.5795454545454546,0.29788961038961037
686,2333215731,1186.2,20,0,59.31,0.5113636363636364,0.15422077922077923
687,2333215749,1131.49,20,0,56.5745,0.14853896103896103,0.10064935064935066
688,2333216371,1182.017,10,0,118.2017,0.4512987012987013,0.9017857142857143
689,2333216427,1178.584,19,0,62.030737,0.40665584415584416,0.25162337662337664
690,2333216516,1173.073,16,0,73.317062,0.3474025974025974,0.3693181818181818
691,2333216583,1192.71,19,0,62.774211,0.6517857142857143,0.26704545454545453
692,2333217024,1197.314,14,0,85.522429,0.799512987012987,0.6128246753246753
693,2333217083,1175.233,15,0,78.348867,0.3717532467532468,0.4431818181818182
694,2333217458,1187.047,13,0,91.311308,0.5332792207792207,0.6761363636363636
695,2333217687,1179.096,15,0,78.6064,0.4147727272727273,0.4472402597402597
696,2333218403,1198.767,20,0,59.93835,0.872564935064935,0.20373376623376624
697,2333219159,933.87,20,0,46.6935,0.03409090909090909,0.030844155844155844
698,2333219418,1169.147,20,0,58.45735,0.3051948051948052,0.12337662337662338
699,2333219566,1189.05,11,0,108.095455,0.5746753246753247,0.8547077922077922
700,2333219914,1198.254,16,0,74.890875,0.8417207792207793,0.411525974025974
701,2333220254,1140.543,14,0,81.467357,0.17207792207792208,0.5186688311688312
702,2333220564,1116.067,15,0,74.404467,0.12012987012987013,0.3961038961038961
703,2333220858,1191.396,12,0,99.283,0.622564935064935,0.8060064935064936
704,2333221013,1131.847,19,0,59.570895,0.14935064935064934,0.1728896103896104
705,2333221200,1193.57,19,1,62.819474,0.6704545454545454,0.26785714285714285
706,2333221951,1107.137,19,0,58.270368,0.10876623376623376,0.12094155844155845
707,2333222206,1190.44,15,0,79.362667,0.5974025974025974,0.4699675324675325
708,2333222711,1192.747,14,0,85.196214,0.6534090909090909,0.5892857142857143
709,2333222800,1170.683,16,0,73.167688,0.32142857142857145,0.36688311688311687
710,2333223318,1175.82,11,0,106.892727,0.37905844155844154,0.8392857142857143
711,2333223393,1195.063,17,1,70.297824,0.7199675324675324,0.34334415584415584
712,2333223563,1113.557,20,0,55.67785,0.1176948051948052,0.08847402597402597
713,2333223741,1198.703,12,0,99.891917,0.8685064935064936,0.8157467532467533
714,2333225353,1195.176,16,0,74.6985,0.7248376623376623,0.40665584415584416
715,2333225451,1055.09,20,0,52.7545,0.06655844155844155,0.05925324675324675
716,2333225493,1198.966,17,0,70.527412,0.8924512987012987,0.34983766233766234
717,2333225531,1160.067,12,0,96.67225,0.24675324675324675,0.7694805194805194
718,2333225736,1188.16,17,0,69.891765,0.5584415584415584,0.3319805194805195
719,2333226309,1199.973,20,0,59.99865,0.9943181818181818,0.23133116883116883
720,2333226481,1161.78,20,0,58.089,0.25811688311688313,0.1185064935064935
721,2333226589,1195.456,13,0,91.958154,0.7378246753246753,0.6996753246753247
722,2333227089,1147.067,20,1,57.35335,0.18262987012987014,0.10957792207792208
723,2333227143,1071.43,11,0,97.402727,0.07792207792207792,0.7767857142857143
724,2333227330,1067.113,20,0,53.35565,0.07467532467532467,0.06574675324675325
725,2333227429,1186.413,14,1,84.743786,0.5178571428571429,0.573051948051948
726,2333228263,1074.514,20,0,53.7257,0.08116883116883117,0.0698051948051948
727,2333228689,1192.02,9,0,132.446667,0.6371753246753247,0.9553571428571429
728,2333228930,1199.797,6,0,199.966167,0.9768668831168831,0.9983766233766234
729,2333229715,1120.556,15,0,74.703733,0.12581168831168832,0.4074675324675325
730,2333229880,1186.87,11,0,107.897273,0.5263798701298701,0.8502435064935064
731,2333230063,1193.75,15,0,79.583333,0.6737012987012987,0.4797077922077922
732,2333231329,1199.894,11,0,109.081273,0.984577922077922,0.8847402597402597
733,2333231671,1180.567,20,0,59.02835,0.4318181818181818,0.14204545454545456
734,2333232015,854.62,20,0,42.731,0.022727272727272728,0.020292207792207792
735,2333232619,1199.916,13,0,92.301231,0.9878246753246753,0.747564935064935
736,2333232805,1173.727,12,0,97.810583,0.3538961038961039,0.7824675324675324
737,2333233020,1144.413,11,0,104.037545,0.17694805194805194,0.827922077922078
738,2333233810,953.023,20,0,47.65115,0.037337662337662336,0.0349025974025974
739,2333234310,1196.13,13,0,92.01,0.752435064935065,0.7012987012987013
740,2333234654,1183.933,18,0,65.774056,0.47483766233766234,0.29464285714285715
741,2333234743,1199.11,8,0,149.88875,0.9017857142857143,0.9902597402597403
742,2333235154,1190.533,12,0,99.211083,0.6022727272727273,0.801948051948052
743,2333235251,1186.796,20,0,59.3398,0.5227272727272727,0.15827922077922077
744,2333235669,1184.613,11,0,107.692091,0.48538961038961037,0.8465909090909091
745,2333235855,1198.006,15,0,79.867067,0.8287337662337663,0.4991883116883117
746,2333236444,1056.43,20,0,52.8215,0.06737012987012987,0.060064935064935064
747,2333237114,1160.787,14,0,82.913357,0.2532467532467532,0.5340909090909091
748,2333237203,1190.803,18,0,66.155722,0.612012987012987,0.3003246753246753
749,2333237386,1197.794,19,0,63.041789,0.8189935064935064,0.2767857142857143
750,2333237491,1197.407,13,0,92.108231,0.8035714285714286,0.7126623376623377
751,2333237718,1187.164,16,0,74.19775,0.5340909090909091,0.39285714285714285
752,2333238404,1186.007,17,0,69.765118,0.507711038961039,0.33035714285714285
753,2333238650,1197.637,15,0,79.842467,0.8092532467532467,0.4935064935064935
754,2333239346,1194.034,14,0,85.288143,0.6842532467532467,0.5941558441558441
755,2333239401,1183.927,15,0,78.928467,0.474025974025974,0.45292207792207795
756,2333239435,1199.603,13,0,92.277154,0.9553571428571429,0.7443181818181818
757,2333239931,1004.063,20,0,50.20315,0.052759740259740256,0.049512987012987016
758,2333240026,1175.79,15,0,78.386,0.3782467532467532,0.4448051948051948
759,2333240093,1125.247,20,0,56.26235,0.1314935064935065,0.09415584415584416
760,2333240697,1185.194,15,0,79.012933,0.4943181818181818,0.45616883116883117
761,2333242991,1183.364,20,0,59.1682,0.4675324675324675,0.14853896103896103
762,2333243173,1199.52,13,0,92.270769,0.9443993506493507,0.7426948051948052
763,2333243246,1197.647,20,0,59.88235,0.810064935064935,0.19805194805194806
764,2333244111,952.573,20,0,47.62865,0.036525974025974024,0.03409090909090909
765,2333244277,1191.25,12,0,99.270833,0.619724025974026,0.8043831168831169
766,2333244374,931.883,20,0,46.59415,0.032467532467532464,0.02922077922077922
767,2333244528,1183.92,11,0,107.629091,0.4732142857142857,0.8457792207792207
768,2333244625,1139.99,17,0,67.058235,0.16883116883116883,0.31493506493506496
769,2333244714,1125.614,20,0,56.2807,0.1331168831168831,0.09496753246753246
770,2333244781,1151.524,10,0,115.1524,0.2021103896103896,0.8896103896103896
771,2333244790,1052.793,20,0,52.63965,0.06412337662337662,0.05762987012987013
772,2333244871,1196.777,13,0,92.059769,0.773538961038961,0.7077922077922078
773,2333245061,1175.62,12,0,97.968333,0.37662337662337664,0.7832792207792207
774,2333245141,1188.35,19,0,62.544737,0.5616883116883117,0.2637987012987013
775,2333245311,1166.67,14,0,83.333571,0.2913961038961039,0.5405844155844156
776,2333245729,916.936,9,0,101.881778,0.030844155844155844,0.8222402597402597
777,2333245818,259.6,20,0,12.98,0.004058441558441558,0.004058441558441558
778,2333245931,1199.863,20,0,59.99315,0.9805194805194806,0.22402597402597402
779,2333246164,1148.153,14,0,82.010929,0.1875,0.5202922077922078
780,2333246253,1194.9,17,0,70.288235,0.7159090909090909,0.3425324675324675
781,2333246504,1187.217,20,0,59.36085,0.5357142857142857,0.1590909090909091
782,2333246911,1199.527,11,0,109.047909,0.9460227272727273,0.8823051948051948
783,2333246920,1199.417,10,0,119.9417,0.9358766233766234,0.9277597402597403
784,2333247101,1186.26,13,0,91.250769,0.512987012987013,0.6753246753246753
785,2333247161,1187.67,8,0,148.45875,0.5487012987012987,0.9788961038961039
786,2333247209,1194.803,20,0,59.74015,0.7118506493506493,0.18506493506493507
787,2333247357,1165.134,18,0,64.729667,0.28084415584415584,0.286525974025974
788,2333247535,1198.22,11,0,108.929091,0.8392857142857143,0.8790584415584416
789,2333247616,1176.45,15,0,78.43,0.38961038961038963,0.44561688311688313
790,2333247926,1164.713,12,0,97.059417,0.2775974025974026,0.7743506493506493
791,2333248272,242.924,20,0,12.1462,0.0016233766233766235,0.0016233766233766235
792,2333248361,1147.11,13,0,88.239231,0.18344155844155843,0.648538961038961
793,2333248469,1148.27,20,0,57.4135,0.1891233766233766,0.11038961038961038
794,2333248876,1177.05,10,0,117.705,0.39366883116883117,0.8993506493506493
795,2333249058,1197.05,14,0,85.503571,0.7840909090909091,0.6103896103896104
796,2333249147,1073.28,14,0,76.662857,0.07954545454545454,0.42288961038961037
797,2333249210,1166.51,8,0,145.81375,0.2897727272727273,0.974025974025974
798,2333249554,1182.01,19,0,62.211053,0.450487012987013,0.25892857142857145
799,2333249902,1174.697,9,0,130.521889,0.36363636363636365,0.9464285714285714
800,2333250064,1196.32,13,0,92.024615,0.7564935064935064,0.7021103896103896
801,2333250315,1199.2,14,0,85.657143,0.913961038961039,0.6306818181818182
802,2333250412,1181.837,18,0,65.657611,0.44886363636363635,0.29383116883116883
803,2333250501,1189.147,18,0,66.063722,0.5762987012987013,0.29707792207792205
804,2333250595,1117.874,20,0,55.8937,0.12175324675324675,0.08928571428571429
805,2333251621,1195.6,11,0,108.690909,0.7410714285714286,0.8709415584415584
806,2333251656,1193.993,14,0,85.285214,0.6810064935064936,0.5933441558441559
807,2333251702,1164.52,10,0,116.452,0.275974025974026,0.8920454545454546
808,2333251893,1155.727,18,0,64.207056,0.2215909090909091,0.2849025974025974
809,2333252385,1198.16,13,0,92.166154,0.8336038961038961,0.7167207792207793
810,2333252491,1191.343,14,0,85.095929,0.6217532467532467,0.5836038961038961
811,2333253802,1198.86,13,0,92.22,0.8814935064935064,0.7288961038961039
812,2333253900,1193.87,14,0,85.276429,0.6777597402597403,0.5917207792207793
813,2333253993,1171.817,19,0,61.674579,0.3352272727272727,0.2435064935064935
814,2333254086,1198.483,14,0,85.605929,0.8482142857142857,0.6185064935064936
815,2333254591,1168.574,16,0,73.035875,0.30357142857142855,0.36444805194805197
816,2333254604,1175.84,18,0,65.324444,0.37987012987012986,0.2913961038961039
817,2333254841,1113.427,20,0,55.67135,0.11688311688311688,0.08766233766233766
818,2333255091,1160.38,20,0,58.019,0.24918831168831168,0.11688311688311688
819,2333255139,1151.714,12,0,95.976167,0.20373376623376624,0.7597402597402597
820,2333256933,1193.093,18,0,66.282944,0.6599025974025974,0.30357142857142855
821,2333257140,1192.464,14,0,85.176,0.648538961038961,0.5876623376623377
822,2333258863,1122.7,16,0,70.16875,0.13068181818181818,0.3400974025974026
823,2333259029,1153.88,9,0,128.208889,0.21672077922077923,0.9407467532467533
824,2333259037,1195.706,14,0,85.407571,0.7451298701298701,0.6055194805194806
825,2333259703,1136.327,14,0,81.166214,0.15746753246753248,0.5146103896103896
826,2333259819,1197.337,11,0,108.848818,0.8011363636363636,0.875
827,2333260213,1198.93,14,0,85.637857,0.8900162337662337,0.625
828,2333260370,1128.257,20,1,56.41285,0.1396103896103896,0.09659090909090909
829,2333260566,1149.994,14,0,82.142429,0.1939935064935065,0.5219155844155844
830,2333260876,1131.197,14,1,80.799786,0.14691558441558442,0.512987012987013
831,2333263875,1164.78,15,0,77.652,0.2792207792207792,0.4301948051948052
832,2333264146,1190.64,11,0,108.24,0.6079545454545454,0.8571428571428571
833,2333265568,1148.45,20,0,57.4225,0.18993506493506493,0.1112012987012987
834,2333265657,1195.784,18,0,66.432444,0.7508116883116883,0.3068181818181818
835,2333265843,1194.403,10,0,119.4403,0.6996753246753247,0.911525974025974
836,2333265916,1189.41,11,0,108.128182,0.5787337662337663,0.8555194805194806
837,2333266505,1192.123,20,0,59.60615,0.640422077922078,0.174512987012987
838,2333267544,1195.127,15,0,79.675133,0.7224025974025974,0.48538961038961037
839,2333267625,1188.094,12,0,99.007833,0.5576298701298701,0.7978896103896104
840,2333268133,1149.01,14,0,82.072143,0.19155844155844157,0.5211038961038961
841,2333268290,1196.886,20,0,59.8443,0.7792207792207793,0.19155844155844157
842,2333268800,1112.65,11,0,101.15,0.11607142857142858,0.8214285714285714
843,2333268893,831.306,20,0,41.5653,0.020292207792207792,0.017857142857142856
844,2333269041,1178.063,17,0,69.297824,0.400974025974026,0.32386363636363635
845,2333269156,1198.127,20,0,59.90635,0.8327922077922078,0.200487012987013
846,2333269491,1065.293,20,0,53.26465,0.07386363636363637,0.06493506493506493
847,2333269938,1162.5,14,0,83.035714,0.262987012987013,0.5357142857142857
848,2333271461,1178.997,8,0,147.374625,0.41233766233766234,0.976461038961039
849,2333271797,1198.807,20,0,59.94035,0.8766233766233766,0.20535714285714285
850,2333272327,1097.133,20,0,54.85665,0.09983766233766234,0.07711038961038962
851,2333272912,1147.017,20,0,57.35085,0.18181818181818182,0.10876623376623376
852,2333273170,1182.94,14,0,84.495714,0.461038961038961,0.5641233766233766
853,2333273323,1166.313,14,0,83.308071,0.28814935064935066,0.5397727272727273
854,2333273480,1190.62,17,0,70.036471,0.6063311688311688,0.3352272727272727
855,2333274010,1163.427,14,0,83.101929,0.26785714285714285,0.5373376623376623
856,2333274176,1153.303,13,0,88.715615,0.21347402597402598,0.6493506493506493
857,2333274818,1197.63,20,0,59.8815,0.8084415584415584,0.19724025974025974
858,2333275024,1199.143,10,0,119.9143,0.9050324675324676,0.924512987012987
859,2333275385,1194.334,20,0,59.7167,0.6939935064935064,0.1810064935064935
860,2333275466,1171.576,15,0,78.105067,0.32954545454545453,0.43587662337662336
861,2333275628,1196.97,20,0,59.8485,0.7808441558441559,0.19237012987012986
862,2333275903,1195.18,20,0,59.759,0.7256493506493507,0.1858766233766234
863,2333276071,1199.257,14,0,85.661214,0.9224837662337663,0.6323051948051948
864,2333276128,1138.53,14,0,81.323571,0.16396103896103897,0.5162337662337663
865,2333276748,1197.116,14,0,85.508286,0.7897727272727273,0.6112012987012987
866,2333276829,1166.083,13,0,89.698692,0.2849025974025974,0.6558441558441559
867,2333277078,1191.487,5,0,238.2974,0.6258116883116883,1.0
868,2333277256,1167.667,12,0,97.305583,0.29788961038961037,0.775974025974026
869,2333277507,1160.433,11,0,105.493909,0.25,0.8311688311688312
870,2333278104,1160.307,15,0,77.3538,0.2483766233766234,0.42694805194805197
871,2333278449,1121.057,20,0,56.05285,0.1266233766233766,0.09172077922077922
872,2333279381,1164.734,20,0,58.2367,0.2784090909090909,0.12012987012987013
873,2333279453,1177.71,9,0,130.856667,0.3977272727272727,0.9496753246753247
874,2333279496,1198.613,14,0,85.615214,0.862012987012987,0.6217532467532467
875,2333280052,1192.397,17,0,70.141,0.6469155844155844,0.3392857142857143
876,2333280249,1193.034,15,0,79.5356,0.658685064935065,0.4780844155844156
877,2333280583,1172.29,12,0,97.690833,0.3417207792207792,0.7792207792207793
878,2333281245,1199.406,20,0,59.9703,0.9342532467532467,0.2159090909090909
879,2333281431,1185.946,16,0,74.121625,0.5064935064935064,0.38961038961038963
880,2333281601,1188.627,20,0,59.43135,0.5673701298701299,0.16314935064935066
881,2333281750,1195.283,14,0,85.377357,0.7305194805194806,0.6038961038961039
882,2333282021,1187.044,16,0,74.19025,0.5324675324675324,0.39204545454545453
883,2333282446,1199.54,14,0,85.681429,0.950487012987013,0.6375811688311688
884,2333282799,1197.756,20,0,59.8878,0.8141233766233766,0.19886363636363635
885,2333283132,1194.837,15,0,79.6558,0.7142857142857143,0.4837662337662338
886,2333283205,1199.41,10,0,119.941,0.935064935064935,0.926948051948052
887,2333283477,1139.583,15,0,75.9722,0.16558441558441558,0.4212662337662338
888,2333284147,1133.644,20,0,56.6822,0.15422077922077923,0.10227272727272728
889,2333285071,1129.603,19,0,59.452789,0.1444805194805195,0.16477272727272727
890,2333285330,1159.046,19,0,61.002421,0.2418831168831169,0.23863636363636365
891,2333285372,1173.1,6,0,195.516667,0.34862012987012986,0.9967532467532467
892,2333285771,1198.24,19,0,63.065263,0.8409090909090909,0.2784090909090909
893,2333285941,1153.676,19,0,60.719789,0.2159090909090909,0.23782467532467533
894,2333286026,1188.81,13,0,91.446923,0.5681818181818182,0.6785714285714286
895,2333286379,1193.906,12,0,99.492167,0.6793831168831169,0.8076298701298701
896,2333286468,1157.706,12,0,96.4755,0.2297077922077922,0.7646103896103896
897,2333286565,1183.826,20,0,59.1913,0.4707792207792208,0.15016233766233766
898,2333286883,1197.753,13,0,92.134846,0.8133116883116883,0.713474025974026
899,2333287634,1199.71,14,0,85.693571,0.9622564935064936,0.640422077922078
900,2333287821,1182.54,14,0,84.467143,0.4569805194805195,0.5625
901,2333287880,1182.463,14,0,84.461643,0.45454545454545453,0.5616883116883117
902,2333288169,1198.84,20,0,59.942,0.877435064935065,0.20616883116883117
903,2333288231,1173.383,15,1,78.225533,0.35064935064935066,0.44155844155844154
904,2333288410,1190.06,15,0,79.337333,0.5909090909090909,0.4675324675324675
905,2333288509,1196.64,16,0,74.79,0.765422077922078,0.4099025974025974
906,2333288916,1186.627,16,0,74.164188,0.5202922077922078,0.39042207792207795
907,2333289262,1167.187,13,0,89.783615,0.29464285714285715,0.6566558441558441
908,2333289351,1176.497,20,0,58.82485,0.39042207792207795,0.13717532467532467
909,2333289955,1118.9,12,1,93.241667,0.1241883116883117,0.7508116883116883
910,2333290058,1180.577,20,0,59.02885,0.43262987012987014,0.14285714285714285
911,2333290465,1190.28,12,0,99.19,0.5941558441558441,0.799512987012987
912,2333290651,1127.99,11,0,102.544545,0.137987012987013,0.8246753246753247
913,2333290805,1184.687,13,0,91.129769,0.487012987012987,0.6712662337662337
914,2333291402,1199.743,11,0,109.067545,0.9683441558441559,0.8831168831168831
915,2333291470,1199.227,15,0,79.948467,0.9159902597402597,0.5048701298701299
916,2333291658,1196.697,19,0,62.984053,0.770698051948052,0.2727272727272727
917,2333291852,1194.367,13,0,91.874385,0.6964285714285714,0.6915584415584416
918,2333292310,1190.584,12,0,99.215333,0.6038961038961039,0.8027597402597403
919,2333292506,1183.537,13,0,91.041308,0.46915584415584416,0.6688311688311688
920,2333292948,1199.304,20,0,59.9652,0.926948051948052,0.21347402597402598
921,2333293006,1197.82,15,0,79.854667,0.8206168831168831,0.49756493506493504
922,2333293197,1148.967,19,0,60.471947,0.19074675324675325,0.23457792207792208
923,2333296188,1152.873,14,0,82.348071,0.21022727272727273,0.525974025974026
924,2333296251,1195.12,15,0,79.674667,0.7215909090909091,0.48457792207792205
925,2333296439,966.144,20,0,48.3072,0.03977272727272727,0.037337662337662336
926,2333296536,1195.73,12,0,99.644167,0.7483766233766234,0.8092532467532467
927,2333296609,1199.88,20,0,59.994,0.9825487012987013,0.2252435064935065
928,2333296935,1198.674,17,0,70.510235,0.8660714285714286,0.349025974025974
929,2333296943,1175.743,15,0,78.382867,0.37743506493506496,0.4439935064935065
930,2333297036,1056.686,20,0,52.8343,0.06818181818181818,0.060876623376623376
931,2333297125,1182.536,10,0,118.2536,0.45616883116883117,0.9025974025974026
932,2333297346,1197.776,9,0,133.086222,0.8161525974025974,0.9602272727272727
933,2333297605,1121.493,20,0,56.07465,0.12905844155844157,0.09334415584415584
934,2333297630,1149.14,10,0,114.914,0.19237012987012986,0.8887987012987013
935,2333297702,1166.3,18,0,64.794444,0.28733766233766234,0.28733766233766234
936,2333298296,1164.557,13,0,89.581308,0.2767857142857143,0.6550324675324676
937,2333298482,755.6,20,0,37.78,0.013798701298701298,0.012175324675324676
938,2333298547,1108.69,20,0,55.4345,0.1112012987012987,0.08522727272727272
939,2333298890,1197.953,8,0,149.744125,0.8262987012987013,0.987012987012987
940,2333298971,1178.207,12,0,98.183917,0.4034090909090909,0.7873376623376623
941,2333299063,1198.93,13,0,92.225385,0.8900162337662337,0.7313311688311688
942,2333299179,1199.167,11,0,109.015182,0.9099025974025974,0.8814935064935064
943,2333300011,386.093,20,0,19.30465,0.005681818181818182,0.005681818181818182
944,2333300347,1198.09,7,0,171.155714,0.8295454545454546,0.9951298701298701
945,2333300517,1198.566,9,0,133.174,0.8547077922077922,0.9618506493506493
946,2333300673,1186.007,14,1,84.714786,0.507711038961039,0.5714285714285714
947,2333300860,1173.647,12,0,97.803917,0.3530844155844156,0.7816558441558441
948,2333300924,970.69,20,0,48.5345,0.04220779220779221,0.03977272727272727
949,2333301114,1148.033,15,0,76.535533,0.18668831168831168,0.42207792207792205
950,2333301521,1199.36,20,0,59.968,0.9310064935064936,0.2150974025974026
951,2333301629,1187.243,15,0,79.149533,0.536525974025974,0.4602272727272727
952,2333301700,1199.927,20,0,59.99635,0.9890422077922078,0.2288961038961039
953,2333301785,1173.533,16,0,73.345812,0.3522727272727273,0.37012987012987014
954,2333301815,1199.263,14,1,85.661643,0.9237012987012987,0.6331168831168831
955,2333301963,1162.07,12,0,96.839167,0.25892857142857145,0.7719155844155844
956,2333302030,1170.237,14,0,83.588357,0.3189935064935065,0.547077922077922
957,2333302374,1192.973,11,0,108.452091,0.6574675324675324,0.8603896103896104
958,2333302463,1167.364,12,0,97.280333,0.29545454545454547,0.7751623376623377
959,2333302901,1192.383,8,0,149.047875,0.6444805194805194,0.9829545454545454
960,2333303150,1093.344,14,0,78.096,0.09577922077922078,0.4342532467532468
961,2333303231,1188.554,8,0,148.56925,0.5657467532467533,0.9813311688311688
962,2333303311,743.066,20,0,37.1533,0.012175324675324676,0.010551948051948052
963,2333303664,1176.003,18,0,65.3335,0.38311688311688313,0.2922077922077922
964,2333304172,1193.54,8,0,149.1925,0.6688311688311688,0.984577922077922
965,2333304458,1182.197,15,0,78.813133,0.45211038961038963,0.45211038961038963
966,2333304466,1171.87,20,0,58.5935,0.33685064935064934,0.12905844155844157
967,2333305012,1141.93,11,0,103.811818,0.1737012987012987,0.8271103896103896
968,2333305951,1062.647,11,0,96.604273,0.07142857142857142,0.7686688311688312
969,2333306141,1168.563,14,0,83.468786,0.3027597402597403,0.5446428571428571
970,2333306159,1189.84,20,0,59.492,0.5876623376623377,0.1663961038961039
971,2333306566,1184.19,14,0,84.585,0.4788961038961039,0.5665584415584416
972,2333307155,1171.696,10,0,117.1696,0.33238636363636365,0.8969155844155844
973,2333307490,1158.687,16,0,72.417938,0.23944805194805194,0.36038961038961037
974,2333307759,1195.516,20,1,59.7758,0.739448051948052,0.18831168831168832
975,2333308097,1197.657,15,0,79.8438,0.8116883116883117,0.49512987012987014
976,2333308101,1183.543,16,0,73.971438,0.4699675324675325,0.3814935064935065
977,2333308593,1151.38,15,0,76.758667,0.2012987012987013,0.4237012987012987
978,2333309034,1194.727,13,0,91.902077,0.7102272727272727,0.6931818181818182
979,2333309298,1189.01,15,0,79.267333,0.573051948051948,0.4659090909090909
980,2333309450,876.74,20,0,43.837,0.025162337662337664,0.022727272727272728
981,2333309701,1151.62,14,0,82.258571,0.20292207792207792,0.5251623376623377
982,2333309794,1194.217,18,0,66.345389,0.689935064935065,0.30438311688311687
983,2333310202,1198.546,14,0,85.610429,0.8522727272727273,0.6201298701298701
984,2333310237,909.61,20,0,45.4805,0.030032467532467532,0.027597402597402596
985,2333310253,965.69,20,0,48.2845,0.03896103896103896,0.036525974025974024
986,2333310300,1181.047,16,0,73.815438,0.43912337662337664,0.3782467532467532
987,2333310318,1194.54,11,0,108.594545,0.702922077922078,0.8676948051948052
988,2333310571,1186.863,14,0,84.775929,0.5251623376623377,0.5738636363636364
989,2333310644,1198.62,9,0,133.18,0.8632305194805194,0.9626623376623377
990,2333310911,1199.91,20,0,59.9955,0.987012987012987,0.22808441558441558
991,2333311250,1193.6,15,0,79.573333,0.6712662337662337,0.4788961038961039
992,2333312353,1198.29,19,0,63.067895,0.8441558441558441,0.2800324675324675
993,2333312621,1194.066,14,0,85.290429,0.685064935064935,0.5949675324675324
994,2333313031,1139.693,12,0,94.974417,0.1663961038961039,0.7548701298701299
995,2333313821,1164.32,15,0,77.621333,0.2739448051948052,0.42938311688311687
996,2333314135,1199.663,20,0,59.98315,0.9586038961038961,0.2224025974025974
997,2333314224,1199.717,10,0,119.9717,0.9650974025974026,0.9293831168831169
998,2333314631,1190.74,18,0,66.152222,0.6103896103896104,0.299512987012987
999,2333314828,1189.716,19,0,62.616632,0.586038961038961,0.26542207792207795
1000,2333315247,1198.693,8,0,149.836625,0.8676948051948052,0.989448051948052
1001,2333315263,1192.06,11,0,108.369091,0.6387987012987013,0.859577922077922
1002,2333315328,1158.05,14,0,82.717857,0.23376623376623376,0.5292207792207793
1003,2333315425,1198.88,20,0,59.944,0.8835227272727273,0.2077922077922078
1004,2333315514,1181.57,19,0,62.187895,0.4448051948051948,0.25811688311688313
1005,2333316511,1199.453,20,0,59.97265,0.9383116883116883,0.21672077922077923
1006,2333316774,1194.167,14,0,85.297643,0.6866883116883117,0.5957792207792207
1007,2333317029,618.177,13,0,47.552077,0.008928571428571428,0.033279220779220776
1008,2333317126,1198.74,10,0,119.874,0.8701298701298701,0.9212662337662337
1009,2333317371,1171.696,12,0,97.641333,0.33238636363636365,0.7784090909090909
1010,2333317461,1199.227,16,0,74.951688,0.9159902597402597,0.4147727272727273
1011,2333317631,972.563,20,0,48.62815,0.04301948051948052,0.040584415584415584
1012,2333318122,1151.34,8,0,143.9175,0.200487012987013,0.9715909090909091
1013,2333318220,1195.417,13,0,91.955154,0.734577922077922,0.698051948051948
1014,2333318742,1197.897,15,0,79.8598,0.8246753246753247,0.49837662337662336
1015,2333318963,1199.303,17,0,70.547235,0.9261363636363636,0.35064935064935066
1016,2333319269,1193.837,16,0,74.614812,0.6761363636363636,0.4050324675324675
1017,2333319455,1180.38,12,0,98.365,0.4301948051948052,0.788961038961039
1018,2333321115,1188.247,14,0,84.874786,0.560064935064935,0.577922077922078
1019,2333321301,1171.52,9,0,130.168889,0.32711038961038963,0.9456168831168831
1020,2333322499,1129.03,16,0,70.564375,0.14204545454545456,0.3522727272727273
1021,2333322596,1162.297,15,1,77.486467,0.2597402597402597,0.4277597402597403
1022,2333322804,999.056,20,0,49.9528,0.05194805194805195,0.048701298701298704
1023,2333323096,1197.01,16,0,74.813125,0.7824675324675324,0.4107142857142857
1024,2333323118,1199.154,13,0,92.242615,0.9074675324675324,0.7353896103896104
1025,2333323509,1037.103,20,0,51.85515,0.05925324675324675,0.05519480519480519
1026,2333324602,1198.31,10,0,119.831,0.8457792207792207,0.9196428571428571
1027,2333324637,1196.536,14,0,85.466857,0.7621753246753247,0.6071428571428571
1028,2333324734,1195.313,13,0,91.947154,0.7313311688311688,0.6964285714285714
1029,2333324793,1198.32,13,0,92.178462,0.8465909090909091,0.7183441558441559
1030,2333324971,1199.72,7,0,171.388571,0.9659090909090909,0.9959415584415584
1031,2333325226,1164.32,12,0,97.026667,0.2739448051948052,0.773538961038961
1032,2333325480,1189.57,15,0,79.304667,0.5827922077922078,0.4667207792207792
1033,2333325633,1186.977,15,0,79.1318,0.5292207792207793,0.4594155844155844
1034,2333325820,1198.687,13,0,92.206692,0.8668831168831169,0.724025974025974
1035,2333325927,1190.78,9,0,132.308889,0.6112012987012987,0.9537337662337663
1036,2333326141,1186.82,9,0,131.868889,0.5243506493506493,0.952922077922078
1037,2333327083,1189.35,14,1,84.953571,0.577922077922078,0.5803571428571429
1038,2333327130,1199.257,20,0,59.96285,0.9224837662337663,0.21266233766233766
1039,2333327245,1195.443,12,0,99.62025,0.737012987012987,0.8084415584415584
1040,2333327334,1195.16,15,0,79.677333,0.724025974025974,0.4862012987012987
1041,2333327938,1180.047,19,0,62.107737,0.42613636363636365,0.25405844155844154
1042,2333328128,1108.186,20,0,55.4093,0.11038961038961038,0.08441558441558442
1043,2333328331,1199.53,17,0,70.560588,0.9476461038961039,0.351461038961039
1044,2333328713,1198.966,15,0,79.931067,0.8924512987012987,0.502435064935065
1045,2333329035,791.633,9,0,87.959222,0.017045454545454544,0.6469155844155844
1046,2333329078,1080.077,8,0,135.009625,0.08522727272727272,0.9691558441558441
1047,2333329132,1162.897,13,0,89.453615,0.26542207792207795,0.6534090909090909
1048,2333329221,1199.727,13,0,92.286692,0.9667207792207793,0.7459415584415584
1049,2333329728,1121.07,20,1,56.0535,0.12743506493506493,0.09253246753246754
1050,2333329884,1197.077,20,0,59.85385,0.7857142857142857,0.1939935064935065
1051,2333329922,1198.91,14,0,85.636429,0.8859577922077922,0.6241883116883117
1052,2333329981,1196.36,19,0,62.966316,0.7589285714285714,0.2711038961038961
1053,2333329990,1197.254,17,0,70.426706,0.7954545454545454,0.3465909090909091
1054,2333330165,1158.024,9,0,128.669333,0.23295454545454544,0.9415584415584416
1055,2333330238,1197.506,18,0,66.528111,0.8060064935064936,0.30844155844155846
1056,2333330424,1171.723,16,0,73.232688,0.3336038961038961,0.3676948051948052
1057,2333330513,1185.53,16,0,74.095625,0.5,0.3887987012987013
1058,2333330581,1199.24,9,0,133.248889,0.9172077922077922,0.9650974025974026
1059,2333330777,1199.9,20,0,59.995,0.9862012987012987,0.22727272727272727
1060,2333330785,1007.853,20,0,50.39265,0.05357142857142857,0.05032467532467533
1061,2333330831,1150.61,12,0,95.884167,0.19642857142857142,0.7581168831168831
1062,2333331081,320.02,20,0,16.001,0.00487012987012987,0.00487012987012987
1063,2333331421,1098.78,9,0,122.086667,0.10227272727272728,0.935064935064935
1064,2333331439,1178.294,20,0,58.9147,0.4042207792207792,0.1396103896103896
1065,2333331536,1182.59,10,0,118.259,0.4577922077922078,0.9034090909090909
1066,2333332206,1195.71,14,1,85.407857,0.7459415584415584,0.6063311688311688
1067,2333332303,1194.664,20,1,59.7332,0.7069805194805194,0.18425324675324675
1068,2333332559,1152.396,20,0,57.6198,0.2077922077922078,0.11201298701298701
1069,2333332711,1176.917,11,0,106.992455,0.39204545454545453,0.8409090909090909
1070,2333332800,1171.526,11,1,106.502364,0.32792207792207795,0.8368506493506493
1071,2333332974,1196.867,9,1,132.985222,0.7771915584415584,0.9586038961038961
1072,2333333148,1122.246,14,0,80.160429,0.12987012987012986,0.5097402597402597
1073,2333333253,1180.776,13,0,90.828923,0.4342532467532468,0.6647727272727273
1074,2333333555,1074.773,20,0,53.73865,0.08198051948051949,0.07061688311688312
1075,2333336198,1187.864,8,0,148.483,0.5543831168831169,0.9805194805194806
1076,2333336457,1186.89,15,0,79.126,0.5275974025974026,0.4586038961038961
1077,2333336465,1194.35,11,0,108.577273,0.6948051948051948,0.864448051948052
1078,2333336481,964.91,20,0,48.2455,0.03814935064935065,0.03571428571428571
1079,2333336554,1171.123,18,0,65.062389,0.3246753246753247,0.2897727272727273
1080,2333336805,1151.173,14,0,82.226643,0.19886363636363635,0.5243506493506493
1081,2333336899,1166.814,11,0,106.074,0.2930194805194805,0.8336038961038961
1082,2333337836,1113.677,19,0,58.614579,0.1185064935064935,0.1314935064935065
1083,2333337992,1160.594,9,0,128.954889,0.25162337662337664,0.9431818181818182
1084,2333338255,1041.73,17,0,61.278235,0.06168831168831169,0.24025974025974026
1085,2333339286,1189.61,17,0,69.977059,0.5844155844155844,0.3336038961038961
1086,2333339375,1103.924,20,0,55.1962,0.10633116883116883,0.08116883116883117
1087,2333339537,1198.983,14,0,85.641643,0.8952922077922078,0.6266233766233766
1088,2333339596,1199.794,14,0,85.699571,0.9756493506493507,0.6420454545454546
1089,2333339944,1170.097,10,0,117.0097,0.3181818181818182,0.8961038961038961
1090,2333340225,1191.86,11,0,108.350909,0.6339285714285714,0.8579545454545454
1091,2333340471,1199.18,20,0,59.959,0.9119318181818182,0.21103896103896103
1092,2333340543,1197.263,20,0,59.86315,0.796672077922078,0.19602272727272727
1093,2333340888,1193.034,11,0,108.457636,0.658685064935065,0.8612012987012987
1094,2333341396,1175.12,11,0,106.829091,0.369724025974026,0.838474025974026
1095,2333342678,1195.213,14,0,85.372357,0.726461038961039,0.6030844155844156
1096,2333343020,1094.714,20,0,54.7357,0.09740259740259741,0.0762987012987013
1097,2333343046,1191.076,18,0,66.170889,0.6152597402597403,0.30113636363636365
1098,2333343437,1188.444,14,0,84.888857,0.5625,0.5787337662337663
1099,2333344123,1182.86,12,0,98.571667,0.4602272727272727,0.7905844155844156
1100,2333344476,1197.65,15,0,79.843333,0.8108766233766234,0.4943181818181818
1101,2333344484,1107.12,20,0,55.356,0.10795454545454546,0.08279220779220779
1102,2333344824,1196.986,10,1,119.6986,0.7816558441558441,0.9163961038961039
1103,2333346762,1142.757,20,0,57.13785,0.174512987012987,0.10714285714285714
1104,2333346851,1197.223,13,0,92.094077,0.7946428571428571,0.711038961038961
1105,2333346924,1157.79,12,0,96.4825,0.23133116883116883,0.765422077922078
1106,2333347017,1181.08,20,0,59.054,0.43993506493506496,0.14366883116883117
1107,2333347203,1188.853,13,0,91.450231,0.5698051948051948,0.6801948051948052
1108,2333347521,1174.9,14,0,83.921429,0.3652597402597403,0.551948051948052
1109,2333347548,1190.48,13,0,91.575385,0.5998376623376623,0.6818181818181818
1110,2333348145,1181.497,15,0,78.766467,0.4431818181818182,0.4512987012987013
1111,2333348463,1193.85,11,0,108.531818,0.676948051948052,0.8628246753246753
1112,2333348552,1054.43,20,0,52.7215,0.06574675324675325,0.05844155844155844
1113,2333348650,1190.697,16,0,74.418562,0.6087662337662337,0.398538961038961
1114,2333349842,1182.257,14,0,84.446929,0.45292207792207795,0.5608766233766234
1115,2333350263,1185.024,15,0,79.0016,0.49188311688311687,0.45535714285714285
1116,2333350514,224.744,20,0,11.2372,0.0008116883116883117,0.0008116883116883117
1117,2333350590,1025.2,20,0,51.26,0.05762987012987013,0.05357142857142857
1118,2333350859,1186.813,18,0,65.934056,0.523538961038961,0.29545454545454547
1119,2333350956,1198.233,13,0,92.171769,0.8400974025974026,0.7175324675324676
1120,2333351049,1195.657,15,0,79.710467,0.7443181818181818,0.487012987012987
1121,2333351103,1185.02,13,0,91.155385,0.49107142857142855,0.672077922077922
1122,2333351201,1175.033,20,0,58.75165,0.36688311688311687,0.13474025974025974
1123,2333351367,1171.79,15,0,78.119333,0.3344155844155844,0.4375
1124,2333351448,1199.473,15,0,79.964867,0.9407467532467533,0.5081168831168831
1125,2333352045,1193.97,15,0,79.598,0.6801948051948052,0.4805194805194805
1126,2333352398,1197.146,17,1,70.420353,0.7905844155844156,0.3457792207792208
1127,2333352738,778.296,20,0,38.9148,0.016233766233766232,0.01461038961038961
1128,2333352827,1194.377,11,0,108.579727,0.6972402597402597,0.8660714285714286
1129,2333353238,1188.874,20,0,59.4437,0.5706168831168831,0.16396103896103897
1130,2333353530,1136.893,20,0,56.84465,0.15827922077922077,0.1038961038961039
1131,2333354340,1185.426,20,0,59.2713,0.49837662337662336,0.1525974025974026
1132,2333355192,1198.174,20,1,59.9087,0.8352272727272727,0.2012987012987013
1133,2333355281,1158.583,14,0,82.755929,0.23782467532467533,0.5316558441558441
1134,2333355541,1190.357,20,0,59.51785,0.5965909090909091,0.16883116883116883
1135,2333355974,1125.407,14,0,80.386214,0.13230519480519481,0.510551948051948
1136,2333356130,813.92,20,0,40.696,0.018668831168831168,0.016233766233766232
1137,2333356172,1184.61,16,0,74.038125,0.48457792207792205,0.38392857142857145
1138,2333356385,1199.576,20,0,59.9788,0.953327922077922,0.21996753246753248
1139,2333356911,1180.046,20,0,59.0023,0.4253246753246753,0.14123376623376624
1140,2333356997,1169.533,17,0,68.796059,0.31006493506493504,0.32061688311688313
1141,2333357268,1088.973,12,0,90.74775,0.09009740259740259,0.6631493506493507
1142,2333357420,1199.026,20,0,59.9513,0.8961038961038961,0.20941558441558442
1143,2333357489,1197.773,10,0,119.7773,0.814935064935065,0.9172077922077922
1144,2333357519,1179.867,19,0,62.098263,0.42207792207792205,0.2532467532467532
1145,2333357934,898.43,20,0,44.9215,0.028409090909090908,0.025974025974025976
1146,2333358213,1198.11,14,0,85.579286,0.8311688311688312,0.6160714285714286
1147,2333358329,1197.677,11,0,108.879727,0.8125,0.877435064935065
1148,2333358515,1198.117,12,0,99.843083,0.8319805194805194,0.8141233766233766
1149,2333358621,1174.03,16,0,73.376875,0.35795454545454547,0.3717532467532468
1150,2333358817,1168.126,14,0,83.437571,0.30113636363636365,0.5430194805194806
1151,2333359465,1167.807,14,0,83.414786,0.299512987012987,0.5422077922077922
1152,2333359554,1172.936,12,0,97.744667,0.3457792207792208,0.7800324675324676
1153,2333359627,1165.997,14,0,83.2855,0.2840909090909091,0.538961038961039
1154,2333359902,1199.03,13,0,92.233077,0.8969155844155844,0.7321428571428571
1155,2333360854,1179.033,16,0,73.689562,0.41314935064935066,0.375
1156,2333361079,1188.49,19,0,62.552105,0.5641233766233766,0.26461038961038963
1157,2333361168,1075.45,20,0,53.7725,0.08279220779220779,0.07142857142857142
1158,2333361320,437.083,20,0,21.85415,0.006493506493506494,0.006493506493506494
1159,2333361516,1187.837,14,0,84.8455,0.5527597402597403,0.5762987012987013
1160,2333361605,1180.427,18,0,65.579278,0.4310064935064935,0.2930194805194805
1161,2333361770,1199.493,19,0,63.131211,0.9423701298701299,0.2824675324675325
1162,2333362521,983.14,20,0,49.157,0.04626623376623377,0.04383116883116883
1163,2333362709,1175.607,18,0,65.3115,0.3758116883116883,0.2905844155844156
1164,2333362865,1169.94,20,0,58.497,0.31737012987012986,0.12743506493506493
1165,2333363110,1140.28,14,0,81.448571,0.17045454545454544,0.5170454545454546
1166,2333363390,1169.513,20,0,58.47565,0.3092532467532468,0.125
1167,2333363497,1178.877,17,0,69.345706,0.4107142857142857,0.3262987012987013
1168,2333363641,1187.306,11,0,107.936909,0.538961038961039,0.8522727272727273
1169,2333365244,1197.36,15,0,79.824,0.801948051948052,0.4926948051948052
1170,2333365431,1198.92,16,0,74.9325,0.887987012987013,0.413961038961039
1171,2333365848,1199.12,14,0,85.651429,0.9025974025974026,0.6282467532467533
1172,2333365945,1184.177,14,0,84.584071,0.47767857142857145,0.5657467532467533
1173,2333366445,1181.77,16,0,73.860625,0.4472402597402597,0.37905844155844154
1174,2333366607,1189.093,13,0,91.468692,0.575487012987013,0.6810064935064936
1175,2333366798,1139.747,20,0,56.98735,0.1680194805194805,0.10633116883116883
1176,2333367131,1186.103,9,0,131.789222,0.5089285714285714,0.9521103896103896
1177,2333367221,1199.52,20,0,59.976,0.9443993506493507,0.21753246753246752
1178,2333367638,1199.576,14,0,85.684,0.953327922077922,0.6387987012987013
1179,2333368499,1199.243,14,0,85.660214,0.9184253246753247,0.6314935064935064
1180,2333368677,1198.51,15,0,79.900667,0.8498376623376623,0.5
1181,2333368928,1179.873,15,0,78.6582,0.42288961038961037,0.44805194805194803
1182,2333369088,1163.873,15,0,77.591533,0.2719155844155844,0.42857142857142855
1183,2333369371,1189.046,14,0,84.931857,0.5738636363636364,0.5795454545454546
1184,2333369525,1190.2,15,0,79.346667,0.5925324675324676,0.46834415584415584
1185,2333370574,1198.26,19,0,63.066316,0.8425324675324676,0.2792207792207792
1186,2333371660,1019.59,20,0,50.9795,0.056006493506493504,0.05194805194805195
1187,2333372071,1183.234,20,0,59.1617,0.4642857142857143,0.14772727272727273
1188,2333372577,1181.28,14,0,84.377143,0.44155844155844154,0.560064935064935
1189,2333372615,1158.393,12,0,96.53275,0.2362012987012987,0.7670454545454546
1190,2333373212,1185.626,13,0,91.202,0.502435064935065,0.6737012987012987
1191,2333373361,1193.213,14,0,85.2295,0.6655844155844156,0.5900974025974026
1192,2333373867,1185.47,15,0,79.031333,0.4991883116883117,0.4569805194805195
1193,2333374022,1195.367,13,0,91.951308,0.7321428571428571,0.6972402597402597
1194,2333374201,1188.03,19,0,62.527895,0.5560064935064936,0.262987012987013
1195,2333374308,1195.273,13,0,91.944077,0.7288961038961039,0.6956168831168831
1196,2333376343,1198.517,20,0,59.92585,0.8506493506493507,0.2021103896103896
1197,2333376360,1163.897,14,0,83.1355,0.2727272727272727,0.5381493506493507
1198,2333376670,1199.943,20,0,59.99715,0.9918831168831169,0.2297077922077922
1199,2333376947,1178.697,17,0,69.335118,0.4074675324675325,0.325487012987013
1200,2333377005,1169.663,11,0,106.333,0.3116883116883117,0.836038961038961
1201,2333377145,1171.156,20,0,58.5578,0.325487012987013,0.12824675324675325
1202,2333377358,1157.283,15,0,77.1522,0.2288961038961039,0.42613636363636365
1203,2333377366,1190.323,15,0,79.354867,0.5949675324675324,0.46915584415584416
1204,2333377455,1184.68,16,0,74.0425,0.4862012987012987,0.3847402597402597
1205,2333377471,1196.953,17,0,70.409,0.7800324675324676,0.34415584415584416
1206,2333377692,1083.886,20,0,54.1943,0.08685064935064934,0.07224025974025974
1207,2333378052,1142.784,16,0,71.424,0.17532467532467533,0.3530844155844156
1208,2333378494,1132.837,10,0,113.2837,0.1525974025974026,0.8863636363636364
1209,2333378711,1170.52,9,0,130.057778,0.32061688311688313,0.9448051948051948
1210,2333379237,1197.084,13,0,92.083385,0.7873376623376623,0.7094155844155844
1211,2333379261,1199.733,10,0,119.9733,0.9675324675324676,0.9301948051948052
1212,2333379504,1187.444,10,0,118.7444,0.5430194805194806,0.9050324675324676
1213,2333379580,1176.96,14,0,84.068571,0.39285714285714285,0.5543831168831169
1214,2333379644,1161.766,20,0,58.0883,0.2573051948051948,0.1176948051948052
1215,2333379652,1106.23,20,0,55.3115,0.10714285714285714,0.08198051948051949
1216,2333379849,1197.777,14,0,85.5555,0.8173701298701299,0.614448051948052
1217,2333379903,1163.57,8,0,145.44625,0.2694805194805195,0.9732142857142857
1218,2333379920,1128.197,8,0,141.024625,0.1387987012987013,0.9699675324675324
1219,2333380537,1179.547,11,0,107.231545,0.42045454545454547,0.8425324675324676
1220,2333382131,1159.583,18,0,64.421278,0.2435064935064935,0.2857142857142857
1221,2333382203,1183.84,14,0,84.56,0.4715909090909091,0.564935064935065
1222,2333382793,1199.993,20,0,59.99965,0.9991883116883117,0.23295454545454544
1223,2333382891,1197.057,20,0,59.85285,0.7849025974025974,0.19318181818181818
1224,2333383081,1199.714,9,1,133.301556,0.9642857142857143,0.9675324675324676
1225,2333383731,1182.746,13,0,90.980462,0.4586038961038961,0.6672077922077922
1226,2333384346,983.667,20,0,49.18335,0.04707792207792208,0.044642857142857144
1227,2333384427,1181.877,10,0,118.1877,0.4496753246753247,0.900974025974026
1228,2333384842,1191.454,14,0,85.103857,0.6245941558441559,0.5844155844155844
1229,2333384877,1197.32,18,0,66.517778,0.8003246753246753,0.30762987012987014
1230,2333384923,1087.99,11,0,98.908182,0.08847402597402597,0.7954545454545454
1231,2333385288,1191.237,13,0,91.633615,0.6185064935064936,0.6834415584415584
